IttfId,PlayerName,CountryCode,Gender,Age,DOB,Handedness,Grip,HeadShot,Style
100001,Amalraj ANTHONY,IND,M,39,01/24/1986 00:00:00,Right Hand,Shakehand,https://wttsimfiles.blob.core.windows.net/wtt-media/photos/400px/100001_Headshot_R_AMALRAJ_Anthony.png,Attack
100032,Farah ABDELAZIZ,EGY,F,33,09/01/1992 00:00:00,Right Hand,Shakehand,https://wttsimfiles.blob.core.windows.net/wtt-media/photos/400px/100032_Headshot_R_ABDEL_AZIZ_Farah.png,Attack
100439,Ahmed SALEH,EGY,M,45,11/14/1979 00:00:00,Right Hand,Shakehand,https://wttsimfiles.blob.core.windows.net/wtt-media/photos/400px/100439_Headshot_R_SALEH_Ahmed.png,Attack
100486,Gaston ALTO,ARG,M,40,07/06/1985 00:00:00,Right Hand,Shakehand,https://wttsimfiles.blob.core.windows.net/wtt-media/photos/400px/100486_Headshot_R_ALTO_Gaston.png,Attack
100621,Tiago APOLONIA,POR,M,39,07/28/1986 00:00:00,Right Hand,Shakehand,https://wttsimfiles.blob.core.windows.net/wtt-media/photos/400px/100621_Headshot_R_APOLONIA_Tiago.png,Attack
100696,Omar ASSAR,EGY,M,34,07/22/1991 00:00:00,Right Hand,Shakehand,https://wttsimfiles.blob.core.windows.net/wtt-media/photos/400px/100696_HEADSHOT_R_Omar_ASSAR.png,Attack
100868,Barbora VARADY,SVK,F,33,03/18/1992 00:00:00,Left Hand,Shakehand,https://wttsimfiles.blob.core.windows.net/wtt-media/photos/400px/100868_Headshot_R_BALAZOVA_Barbora.png,Attack
101192,Mihai BOBOCICA,ITA,M,39,09/08/1986 00:00:00,Right Hand,Shakehand,https://wttsimfiles.blob.core.windows.net/wtt-media/photos/400px/101192_Headshot_R_BOBOCICA_Mihai.png,Attack
101222,Timo BOLL,GER,M,44,03/08/1981 00:00:00,Left Hand,Shakehand,https://wttsimfiles.blob.core.windows.net/wtt-media/photos/400px/101222_Headshot_R_BOLL_Timo.png,Attack
101648,CHEN Chien-An,TPE,M,34,06/16/1991 00:00:00,Left Hand,Shakehand,https://wttsimfiles.blob.core.windows.net/wtt-media/photos/400px/101648_Headshot_R_CHEN_Chien_An.png,Attack
101820,CHUANG Chih-Yuan,TPE,M,44,04/02/1981 00:00:00,Right Hand,Shakehand,https://wttsimfiles.blob.core.windows.net/wtt-media/photos/400px/101820_Headshot_R_CHUANG Chih-Yuan.png,Attack
102213,Jeremy DEY,NCL,M,37,03/27/1988 00:00:00,,,https://wttsimfiles.blob.core.windows.net/wtt-media/photos/400px/102213_Headshot_R_Jeremy DEY.png,Attack
102316,Daniela DODEAN,ROU,F,37,01/13/1988 00:00:00,Right Hand,Shakehand,https://wttsimfiles.blob.core.windows.net/wtt-media/photos/400px/102316_Headshot_R_MONTEIRO_DODEAN_Daniela.png,Attack
102380,Paul DRINKHALL,ENG,M,35,01/16/1990 00:00:00,Right Hand,Shakehand,https://wttsimfiles.blob.core.windows.net/wtt-media/photos/400px/102380_Headshot_R_DRINKHALL_Paul.png,Attack
102445,Offiong EDEM,NGR,F,38,12/31/1986 00:00:00,Right Hand,Shakehand,https://wttsimfiles.blob.core.windows.net/wtt-media/photos/400px/102445_Headshot_R_EDEM_Offiong.png,Attack
102486,Mohamed ELBEIALI,EGY,M,37,07/02/1988 00:00:00,Right Hand,Shakehand,https://wttsimfiles.blob.core.windows.net/wtt-media/photos/400px/102486_HEADSHOT_R_ELBEIALY_Mohamed.png,Attack
102712,FENG Tianwei,SGP,F,39,08/31/1986 00:00:00,Right Hand,Shakehand,https://wttsimfiles.blob.core.windows.net/wtt-media/photos/400px/102712_Headshot_R_FENG_Tianwei.png,Attack
102761,Ruwen FILUS,GER,M,37,02/14/1988 00:00:00,Right Hand,Shakehand,https://wttsimfiles.blob.core.windows.net/wtt-media/photos/400px/102761_Headshot_R_FILUS_Ruwen.png,Defence
102832,Patrick FRANZISKA,GER,M,33,06/11/1992 00:00:00,Right Hand,Shakehand,https://wttsimfiles.blob.core.windows.net/wtt-media/photos/400px/102832_Headshot_R_Patrick FRANZISKA.png,Attack
102841,Marcos FREITAS,POR,M,37,04/08/1988 00:00:00,Left Hand,Shakehand,https://wttsimfiles.blob.core.windows.net/wtt-media/photos/400px/102841_Headshot_R_FREITAS_Marcos.png,Attack
102863,Fu YU,POR,F,46,11/29/1978 00:00:00,Right Hand,Penhold,https://wttsimfiles.blob.core.windows.net/wtt-media/photos/400px/102863_Headshot_R_YU_Fu.png,Attack
102891,Andrej GACINA,CRO,M,39,05/21/1986 00:00:00,Right Hand,Shakehand,https://wttsimfiles.blob.core.windows.net/wtt-media/photos/400px/102891_Headshot_R_GACINA_Andrej.png,Attack
102949,Hanna HAPONOVA,UKR,F,39,10/28/1985 00:00:00,Right Hand,Shakehand,https://wttsimfiles.blob.core.windows.net/wtt-media/photos/400px/102949_Headshot_R_GAPONOVA_Ganna.png,Defence
102968,Robert GARDOS,AUT,M,46,01/16/1979 00:00:00,Right Hand,Shakehand,https://wttsimfiles.blob.core.windows.net/wtt-media/photos/400px/102968_Headshot_R_GARDOS_Robert.png,Attack
103107,Panagiotis GIONIS,GRE,M,45,01/07/1980 00:00:00,Right Hand,Shakehand,https://wttsimfiles.blob.core.windows.net/wtt-media/photos/400px/103107_Headshot_R_GIONIS_Panagiotis.png,Defence
103126,Sathiyan GNANASEKARAN,IND,M,32,01/08/1993 00:00:00,Right Hand,Shakehand,https://wttsimfiles.blob.core.windows.net/wtt-media/photos/400px/103126_Headshot_R_GNANASEKARAN_Sathiyan.png,Attack
103345,Daniel HABESOHN,AUT,M,39,07/22/1986 00:00:00,Right Hand,Shakehand,https://wttsimfiles.blob.core.windows.net/wtt-media/photos/400px/103345_Headshot_R_HABESOHN_Daniel.png,Attack
103425,Sarah HANFFOU,CMR,F,39,10/08/1986 00:00:00,,,https://wttsimfiles.blob.core.windows.net/wtt-media/photos/400px/103425_Headshot_R_HANFFOU_Sarah.png,Attack
103752,HUANG Yi-Hua,TPE,F,41,07/20/1984 00:00:00,Right Hand,Shakehand,https://wttsimfiles.blob.core.windows.net/wtt-media/photos/400px/103752_HEADSHOT_R_HUANG_Yi-Hua.png,Attack
103903,Ovidiu IONESCU,ROU,M,36,06/28/1989 00:00:00,Right Hand,Shakehand,https://wttsimfiles.blob.core.windows.net/wtt-media/photos/400px/103903_Headshot_R_Ovidiu IONESCU.png,Attack
104036,Lubomir JANCARIK,CZE,M,38,08/17/1987 00:00:00,Right Hand,Shakehand,https://wttsimfiles.blob.core.windows.net/wtt-media/photos/400px/104036_Headshot_R_JANCARIK_Lubomir.png,Attack
104092,Minhyung JEE,AUS,F,38,01/05/1987 00:00:00,Right Hand,Shakehand,https://wttsimfiles.blob.core.windows.net/wtt-media/photos/400px/104092_HEADSHOT_R_JEE_Minhyung.png,Attack
104314,Sharath Kamal ACHANTA,IND,M,43,07/12/1982 00:00:00,Right Hand,Shakehand,https://wttsimfiles.blob.core.windows.net/wtt-media/photos/400px/104314_HEADSHOT_R_ACHANTA_Sharath%20Kamal.png,Attack
104379,Kristian KARLSSON,SWE,M,34,08/06/1991 00:00:00,Left Hand,Shakehand,https://wttsimfiles.blob.core.windows.net/wtt-media/photos/400px/104379_Headshot_R_Kristian KARLSSON.png,Attack
104760,Frane KOJIC,CRO,M,33,01/08/1992 00:00:00,Right Hand,Shakehand,https://wttsimfiles.blob.core.windows.net/wtt-media/photos/400px/104760_Headshot_R_KOJIC_Frane.png,Attack
105111,Jian Fang LAY,AUS,F,52,03/06/1973 00:00:00,Right Hand,Penhold,https://wttsimfiles.blob.core.windows.net/wtt-media/photos/400px/105111_Headshot_R_LAY_Jian Fang.png,Attack
105136,Emmanuel LEBESSON,FRA,M,37,04/24/1988 00:00:00,Left Hand,Shakehand,https://wttsimfiles.blob.core.windows.net/wtt-media/photos/400px/105136_Headshot_R_LEBESSON_Emmanuel.png,Attack
105159,LEE Ho Ching,HKG,F,32,11/24/1992 00:00:00,Right Hand,Shakehand,https://wttsimfiles.blob.core.windows.net/wtt-media/photos/400px/105159_Headshot_R_LEE_Ho_Ching.png,Attack
105197,LEE Sang Su,KOR,M,35,08/13/1990 00:00:00,Right Hand,Shakehand,https://wttsimfiles.blob.core.windows.net/wtt-media/photos/400px/105197_HEADSHOT_R_LEE_Sang su.png,Attack
105482,LIU Shiwen,CHN,F,34,04/12/1991 00:00:00,Right Hand,Shakehand,https://wttsimfiles.blob.core.windows.net/wtt-media/photos/400px/105482_HEADSHOT_R_LIU_Shiwen.png,Attack
105649,MA Long,CHN,M,36,10/20/1988 00:00:00,Right Hand,Shakehand,https://wttsimfiles.blob.core.windows.net/wtt-media/photos/400px/105649_Headshot_R_MA_Long.png,Attack
105679,Marcos MADRID,MEX,M,39,09/06/1986 00:00:00,Right Hand,Shakehand,https://wttsimfiles.blob.core.windows.net/wtt-media/photos/400px/105679_HEADSHOT_R_MADRID_Marcos.png,Attack
105779,Ivana MALOBABIC,CRO,F,45,07/04/1980 00:00:00,Right Hand,Shakehand,https://wttsimfiles.blob.core.windows.net/wtt-media/photos/400px/105779_Headshot_R_MALOBABIC_Ivana.png,Defence
105913,Hana MATELOVA,CZE,F,35,06/08/1990 00:00:00,Right Hand,Shakehand,https://wttsimfiles.blob.core.windows.net/wtt-media/photos/400px/105913_Headshot_R_MATELOVA_Hana.png,Attack
106050,Steffen MENGEL,GER,M,37,08/02/1988 00:00:00,Right Hand,Shakehand,https://wttsimfiles.blob.core.windows.net/wtt-media/photos/400px/106050_Headshot_R_MENGEL_Steffen.png,Attack
106151,Alberto MINO,ECU,M,35,08/21/1990 00:00:00,Right Hand,Shakehand,https://wttsimfiles.blob.core.windows.net/wtt-media/photos/400px/106151_Headshot_R_MINO_Alberto.png,Attack
106296,Joao MONTEIRO,POR,M,42,08/29/1983 00:00:00,Left Hand,Shakehand,https://wttsimfiles.blob.core.windows.net/wtt-media/photos/400px/106296_Headshot_R_MONTEIRO_Joao.png,Attack
106298,Thiago MONTEIRO,BRA,M,44,06/15/1981 00:00:00,Right Hand,Shakehand,https://wttsimfiles.blob.core.windows.net/wtt-media/photos/400px/106298_Headshot_R_MONTEIRO_Thiago.png,Attack
106660,NG Wing Nam,HKG,F,33,08/09/1992 00:00:00,Right Hand,Shakehand,https://wttsimfiles.blob.core.windows.net/wtt-media/photos/400px/106660_Headshot_R_NG_Wing_Nam.png,Attack
106706,Xia Lian NI,LUX,F,62,07/04/1963 00:00:00,Left Hand,Penhold,https://wttsimfiles.blob.core.windows.net/wtt-media/photos/400px/106706_HEADSHOT_R_NI_Xialian.png,Attack
106814,Cedric NUYTINCK,BEL,M,32,01/06/1993 00:00:00,Left Hand,Shakehand,https://wttsimfiles.blob.core.windows.net/wtt-media/photos/400px/106814_Headshot_R_NUYTINCK_Cedric.png,Attack
106995,Olufunke OSHONAIKE,NGR,F,49,10/28/1975 00:00:00,Right Hand,Shakehand,https://wttsimfiles.blob.core.windows.net/wtt-media/photos/400px/106995_Headshot_R_OSHONAIKE_Olufunke.png,Attack
107028,Dimitrij OVTCHAROV,GER,M,37,09/02/1988 00:00:00,Right Hand,Shakehand,https://wttsimfiles.blob.core.windows.net/wtt-media/photos/400px/107028_Headshot_R_Dimitrij_OVTCHAROV.png,Attack
107194,Madhurika PATKAR,IND,F,38,04/10/1987 00:00:00,Right Hand,Shakehand,https://wttsimfiles.blob.core.windows.net/wtt-media/photos/400px/107194_Headshot_R_PATKAR_Madhurika.png,Attack
107272,Andy PEREIRA,CUB,M,36,08/31/1989 00:00:00,Left Hand,Shakehand,https://wttsimfiles.blob.core.windows.net/wtt-media/photos/400px/107272_HEADSHOT_R_PEREIRA_Andy.png,Attack
107312,Jon PERSSON,SWE,M,38,10/23/1986 00:00:00,Right Hand,Shakehand,https://wttsimfiles.blob.core.windows.net/wtt-media/photos/400px/107312_Headshot_R_PERSSON_Jon.png,Attack
107321,Margaryta PESOTSKA,UKR,F,34,08/09/1991 00:00:00,Right Hand,Shakehand,https://wttsimfiles.blob.core.windows.net/wtt-media/photos/400px/107321_Headshot_R_PESOTSKA_Margaryta.png,Attack
107445,Lubomir PISTEJ,SVK,M,41,03/06/1984 00:00:00,Right Hand,Shakehand,https://wttsimfiles.blob.core.windows.net/wtt-media/photos/400px/107445_Headshot_R_PISTEJ_Lubomir.png,Attack
107477,Sofia POLCANOVA,AUT,F,31,09/03/1994 00:00:00,Left Hand,Shakehand,https://wttsimfiles.blob.core.windows.net/wtt-media/photos/400px/107477_Headshot_R_Sofia POLCANOVA.png,Attack
107525,Georgina POTA,HUN,F,40,01/13/1985 00:00:00,Right Hand,Shakehand,https://wttsimfiles.blob.core.windows.net/wtt-media/photos/400px/107525_Headshot_R_POTA_Georgina.png,Attack
108204,Abdel-Kader SALIFOU,BEN,M,35,12/07/1989 00:00:00,Right Hand,Shakehand,https://wttsimfiles.blob.core.windows.net/wtt-media/photos/400px/108204_Headshot_R_SALIFOU_Abdel-Kader.png,Attack
108226,Elizabeta SAMARA,ROU,F,36,04/15/1989 00:00:00,Left Hand,Shakehand,https://wttsimfiles.blob.core.windows.net/wtt-media/photos/400px/108226_HEADSHOT_R_ SAMARA_Elizabeta.png,Attack
108470,SUH Hyo Won,KOR,F,38,05/10/1987 00:00:00,Right Hand,Shakehand,https://wttsimfiles.blob.core.windows.net/wtt-media/photos/400px/108470_Headshot_R_SUH_Hyowon.png,Defence
108526,Neda SHAHSAVARI,IRI,F,39,09/21/1986 00:00:00,Left Hand,Shakehand,https://wttsimfiles.blob.core.windows.net/wtt-media/photos/400px/108526_Headshot_R_SHAHSAVARI_Neda.png,Attack
108843,Amelie SOLJA,AUT,F,35,09/29/1990 00:00:00,Right Hand,Shakehand,https://wttsimfiles.blob.core.windows.net/wtt-media/photos/400px/108843_Headshot_SOLJA_Amelie_R.png,Attack
109002,Niagol STOYANOV,ITA,M,38,05/31/1987 00:00:00,Right Hand,Shakehand,https://wttsimfiles.blob.core.windows.net/wtt-media/photos/400px/109002_Headshot_R_STOYANOV_Niagol.png,Attack
109140,Hunor SZOCS,ROU,M,33,03/24/1992 00:00:00,Right Hand,Shakehand,https://wttsimfiles.blob.core.windows.net/wtt-media/photos/400px/109140_Headshot_R_SZOCS_Hunor.png,Attack
109272,Melissa TAPPER,AUS,F,35,03/01/1990 00:00:00,Left Hand,Shakehand,https://wttsimfiles.blob.core.windows.net/wtt-media/photos/400px/109272_Headshot_R_TAPPER_Melissa.png,Attack
109453,Andrea TODOROVIC,SRB,F,32,10/21/1992 00:00:00,Right Hand,Shakehand,https://wttsimfiles.blob.core.windows.net/wtt-media/photos/400px/109453_Headshot_R_TODOROVIC_Andrea.png,Attack
109581,Gustavo TSUBOI,BRA,M,40,05/31/1985 00:00:00,Left Hand,Shakehand,https://wttsimfiles.blob.core.windows.net/wtt-media/photos/400px/TSUBOI-Gustavo_R.png,Attack
109777,Paulina VEGA,CHI,F,41,03/13/1984 00:00:00,Left Hand,Shakehand,https://wttsimfiles.blob.core.windows.net/wtt-media/photos/400px/109777_Headshot_R_VEGA_Paulina.png,Attack
109946,Ricardo WALTHER,GER,M,33,11/30/1991 00:00:00,Right Hand,Shakehand,https://wttsimfiles.blob.core.windows.net/wtt-media/photos/400px/109946_Headshot_R_Ricardo WALTHER.png,Attack
110267,XU Xin,CHN,M,35,01/08/1990 00:00:00,Left Hand,Penhold,https://wttsimfiles.blob.core.windows.net/wtt-media/photos/400px/110267_HEADSHOT_R_XU_Xin.png,Attack
110560,Mo ZHANG,CAN,F,36,01/17/1989 00:00:00,Right Hand,Shakehand,https://wttsimfiles.blob.core.windows.net/wtt-media/photos/400px/110560_Headshot_R_ZHANG_Mo.png,Attack
110602,Yaroslav ZHMUDENKO,UKR,M,37,09/24/1988 00:00:00,Right Hand,Shakehand,https://wttsimfiles.blob.core.windows.net/wtt-media/photos/400px/110602_HEADSHOT_R_ZHMUDENKO_Yaroslav.png,Attack
110673,Noshad ALAMIYAN,IRI,M,33,11/21/1991 00:00:00,Left Hand,Shakehand,https://wttsimfiles.blob.core.windows.net/wtt-media/photos/400px/110673_Headshot_R_ALAMIYAN_Noshad.png,Attack
110726,Benedek OLAH,FIN,M,34,03/29/1991 00:00:00,Right Hand,Shakehand,https://wttsimfiles.blob.core.windows.net/wtt-media/photos/400px/110726_Headshot_R_OLAH_Benedek.png,Attack
110752,Kasumi ISHIKAWA,JPN,F,32,02/23/1993 00:00:00,Left Hand,Shakehand,https://wttsimfiles.blob.core.windows.net/wtt-media/photos/400px/110752_Headshot_R_ISHIKAWA_Kasumi.png,Attack
110797,CHENG I-Ching,TPE,F,33,02/15/1992 00:00:00,Right Hand,Shakehand,https://wttsimfiles.blob.core.windows.net/wtt-media/photos/400px/110797_Headshot_R_CHENG_I_Ching.png,Attack
110995,Debora VIVARELLI,ITA,F,32,01/28/1993 00:00:00,Right Hand,Shakehand,https://wttsimfiles.blob.core.windows.net/wtt-media/photos/400px/110995_Headshot_R_VIVARELLI_Debora.png,Attack
111012,Bernadette SZOCS,ROU,F,30,03/05/1995 00:00:00,Right Hand,Shakehand,https://wttsimfiles.blob.core.windows.net/wtt-media/photos/400px/111012_Headshot_R_Bernadette SZOCS.png,Attack
111050,Alvaro ROBLES,ESP,M,34,04/29/1991 00:00:00,Left Hand,Shakehand,https://wttsimfiles.blob.core.windows.net/wtt-media/photos/400px/111050_Headshot_R_ROBLES_Alvaro.png,Attack
111053,Ana CODINA,ARG,F,34,01/24/1991 00:00:00,Right Hand,Shakehand,https://wttsimfiles.blob.core.windows.net/wtt-media/photos/400px/111053_HEADSHOT_R_CODINA_Ana.png,Attack
111065,Petrissa SOLJA,GER,F,31,03/11/1994 00:00:00,Left Hand,Shakehand,https://wttsimfiles.blob.core.windows.net/wtt-media/photos/400px/111065_Headshot_R_SOLJA_Petrissa.png,Attack
111066,Sabine WINTER,GER,F,33,09/27/1992 00:00:00,Right Hand,Shakehand,https://wttsimfiles.blob.core.windows.net/wtt-media/photos/400px/111066_Headshot_R_WINTER_Sabine.png,Attack
111072,Maria XIAO,ESP,F,31,05/19/1994 00:00:00,Left Hand,Shakehand,https://wttsimfiles.blob.core.windows.net/wtt-media/photos/400px/111072_HEADSHOT_R_XIAO_Maria.png,Attack
111115,Marcelo AGUIRRE,PAR,M,32,01/21/1993 00:00:00,Left Hand,Shakehand,https://wttsimfiles.blob.core.windows.net/wtt-media/photos/400px/111115_Headshot_R_AGUIRRE_Marcelo.png,Attack
111213,Dora MADARASZ,HUN,F,32,09/03/1993 00:00:00,Right Hand,Shakehand,https://wttsimfiles.blob.core.windows.net/wtt-media/photos/400px/111213_Headshot_R_MADARAZS_Dora.png,Attack
111416,Rachel MORET,SUI,F,35,11/23/1989 00:00:00,Left Hand,Shakehand,https://wttsimfiles.blob.core.windows.net/wtt-media/photos/400px/111416_Headshot_R_MORET_Rachel.png,Attack
111512,Daniel GONZALEZ,PUR,M,32,07/18/1993 00:00:00,Right Hand,Shakehand,https://wttsimfiles.blob.core.windows.net/wtt-media/photos/400px/111512_Headshot_R_GONZALEZ_Daniel.png,Attack
111641,Harmeet DESAI,IND,M,32,07/19/1993 00:00:00,Right Hand,Shakehand,https://wttsimfiles.blob.core.windows.net/wtt-media/photos/400px/111641_Headshot_R_DESAI_Harmeet.png,Attack
111656,Dina MESHREF,EGY,F,31,03/10/1994 00:00:00,Left Hand,Shakehand,https://wttsimfiles.blob.core.windows.net/wtt-media/photos/400px/111656_HEADSHOT_R_MESHREF_Dina.png,Attack
111683,Gustavo GOMEZ,CHI,M,31,02/28/1994 00:00:00,Left Hand,Shakehand,https://wttsimfiles.blob.core.windows.net/wtt-media/photos/400px/111683_HEADSHOT_R_GOMEZ_Gustavo.png,Attack
111833,Suthasini SAWETTABUT,THA,F,30,12/09/1994 00:00:00,Right Hand,Shakehand,https://wttsimfiles.blob.core.windows.net/wtt-media/photos/400px/111833_Headshot_R_SAWETTABUT_Suthasini.png,Attack
111849,Xiaona SHAN,GER,F,42,01/18/1983 00:00:00,Right Hand,Penhold,https://wttsimfiles.blob.core.windows.net/wtt-media/photos/400px/111849_Headshot_R_SHAN_Xiaona.png,Attack
111959,Khalid ASSAR,EGY,M,32,12/10/1992 00:00:00,Right Hand,Shakehand,https://wttsimfiles.blob.core.windows.net/wtt-media/photos/400px/111959_Headshot_R_ASSAR_Khalid.png,Attack
112019,CHEN Meng,CHN,F,31,01/15/1994 00:00:00,Right Hand,Shakehand,https://wttsimfiles.blob.core.windows.net/wtt-media/photos/400px/HEADSHOT_R_CHEN_Meng.png,Attack
112035,Nima ALAMIAN,IRI,M,32,12/24/1992 00:00:00,Right Hand,Shakehand,https://wttsimfiles.blob.core.windows.net/wtt-media/photos/400px/112035_Headshot_R_ALAMIAN_Nima.png,Attack
112062,Simon GAUZY,FRA,M,30,10/25/1994 00:00:00,Right Hand,Shakehand,https://wttsimfiles.blob.core.windows.net/wtt-media/photos/400px/112062_Headshot_R_GAUZY_Simon.png,Attack
112074,Mattias FALCK,SWE,M,34,09/07/1991 00:00:00,Right Hand,Shakehand,https://wttsimfiles.blob.core.windows.net/wtt-media/photos/400px/112074_Headshot_R_Mattias FALCK.png,Attack
112092,Quadri ARUNA,NGR,M,37,08/09/1988 00:00:00,Right Hand,Shakehand,https://wttsimfiles.blob.core.windows.net/wtt-media/photos/400px/112092_HEADSHOT_R_QUADRI_Aruna.png,Attack
112221,Lily ZHANG,USA,F,29,06/16/1996 00:00:00,Right Hand,Shakehand,https://wttsimfiles.blob.core.windows.net/wtt-media/photos/400px/112221_HEADSHOT_R_ZHANG_Lily.png,Attack
112280,Sarah DE NUTTE,LUX,F,32,11/21/1992 00:00:00,Right Hand,Shakehand,https://wttsimfiles.blob.core.windows.net/wtt-media/photos/400px/112280_Headshot_R_Sarah_DE NUTTE.png,Attack
112356,Stephanie LOEUILLETTE,FRA,F,33,07/27/1992 00:00:00,Left Hand,Shakehand,https://wttsimfiles.blob.core.windows.net/wtt-media/photos/400px/112356_Headshot_R_LOEUILLETTE_Stephanie.png,Attack
112368,YANG Ha Eun,KOR,F,31,02/25/1994 00:00:00,Right Hand,Shakehand,https://wttsimfiles.blob.core.windows.net/wtt-media/photos/400px/112368_HEADSHOT_R_YANG_Ha Eun.png,Attack
112409,Jonathan GROTH,DEN,M,32,11/09/1992 00:00:00,Left Hand,Shakehand,https://wttsimfiles.blob.core.windows.net/wtt-media/photos/400px/112409_Headshot_R_GROTH_Jonathan.png,Attack
112442,Liam PITCHFORD,ENG,M,32,07/12/1993 00:00:00,Right Hand,Shakehand,https://wttsimfiles.blob.core.windows.net/wtt-media/photos/400px/112442_HEADSHOT_R_PITCHFORD_Liam.png,Attack
112453,Mateja JEGER,CRO,F,30,01/13/1995 00:00:00,Right Hand,Shakehand,https://wttsimfiles.blob.core.windows.net/wtt-media/photos/400px/112453_Headshot_R_JEGER_Mateja.png,Attack
112463,Melanie DIAZ,PUR,F,29,05/07/1996 00:00:00,Right Hand,Shakehand,https://wttsimfiles.blob.core.windows.net/wtt-media/photos/400px/112463_Headshot_R_DIAZ_Melanie.png,Attack
112580,Masataka MORIZONO,JPN,M,30,04/05/1995 00:00:00,Left Hand,Shakehand,https://wttsimfiles.blob.core.windows.net/wtt-media/photos/400px/112580_Headshot_R_MORIZONO_Masataka.png,Attack
112591,Carolyn LI,FIJ,F,31,03/28/1994 00:00:00,,,https://wttsimfiles.blob.core.windows.net/wtt-media/photos/400px/112591_Headshot_R_LI_Carolyn.png,Attack
112620,WONG Chun Ting,HKG,M,34,09/07/1991 00:00:00,Right Hand,Penhold,https://wttsimfiles.blob.core.windows.net/wtt-media/photos/400px/112620_HEADSHOT_R_WONG_Chun Ting.png,Attack
112735,Yang WANG,SVK,M,31,09/24/1994 00:00:00,Right Hand,Shakehand,https://wttsimfiles.blob.core.windows.net/wtt-media/photos/400px/112735_Headshot_R_WANG_Yang.png,Defence
112868,Xiaoxin YANG,MON,F,37,01/08/1988 00:00:00,Right Hand,Shakehand,https://wttsimfiles.blob.core.windows.net/wtt-media/photos/400px/112868_Headshot_R_YANG_Xiaoxin.png,Attack
112944,Sibel ALTINKAYA,TUR,F,32,02/01/1993 00:00:00,Right Hand,Shakehand,https://wttsimfiles.blob.core.windows.net/wtt-media/photos/400px/112944_Headshot_R_ALTINKAYA_Sibel.png,Attack
113300,LIU Hsing-Yin,TPE,F,37,10/09/1987 00:00:00,Right Hand,Shakehand,https://wttsimfiles.blob.core.windows.net/wtt-media/photos/400px/113300_Headshot_R_LIU_Hsing-Yin.png,Attack
113309,Yadira SILVA,MEX,F,39,12/24/1985 00:00:00,Right Hand,Shakehand,https://wttsimfiles.blob.core.windows.net/wtt-media/photos/400px/113309_Headshot_R_SILVA_Yadira.png,Attack
113317,Robin DEVOS,BEL,M,31,04/17/1994 00:00:00,Left Hand,Shakehand,https://wttsimfiles.blob.core.windows.net/wtt-media/photos/400px/113317_Headshot_R_DEVOS_Robin.png,Attack
113376,Ali ALKHADRAWI,KSA,M,28,05/31/1997 00:00:00,Left Hand,Shakehand,https://wttsimfiles.blob.core.windows.net/wtt-media/photos/400px/113376_HEADSHOT_R_ALKHADRAWI_Ali.png,Attack
113395,CHEW Clarence,SGP,M,29,12/27/1995 00:00:00,Left Hand,Shakehand,https://wttsimfiles.blob.core.windows.net/wtt-media/photos/400px/113395_Headshot_R_CHEW_Clarence.png,Attack
113418,Luca KUMAHARA,BRA,F,30,07/27/1995 00:00:00,Right Hand,Shakehand,https://wttsimfiles.blob.core.windows.net/wtt-media/photos/400px/113418_Headshot_R_KUMAHARA_Caroline.png,Attack
113419,Eric JOUTI,BRA,M,31,04/26/1994 00:00:00,Right Hand,Shakehand,https://wttsimfiles.blob.core.windows.net/wtt-media/photos/400px/JOUTI-Eric_R.png,Attack
113563,Olajide OMOTAYO,NGR,M,30,07/06/1995 00:00:00,Right Hand,Shakehand,https://wttsimfiles.blob.core.windows.net/wtt-media/photos/400px/113563_Headshot_R_OMOTAYO_Olajide.png,Attack
113676,Enzo ANGLES,FRA,M,30,05/02/1995 00:00:00,Left Hand,Shakehand,,Attack
113679,Mehdi BOULOUSSA,ALG,M,30,05/15/1995 00:00:00,Right Hand,Shakehand,https://wttsimfiles.blob.core.windows.net/wtt-media/photos/400px/113679_Headshot_R_BOULOUSSA_Mehdi.png,Attack
113681,Ibrahima DIAW,SEN,M,33,07/09/1992 00:00:00,Right Hand,Shakehand,https://wttsimfiles.blob.core.windows.net/wtt-media/photos/400px/113681_HEADSHOT_R_DIAW_Ibrahima.png,Attack
113689,Alexandre ROBINOT,FRA,M,30,10/03/1995 00:00:00,Right Hand,Shakehand,https://wttsimfiles.blob.core.windows.net/wtt-media/photos/400px/113689_Headshot_R_ROBINOT_Alexandre.png,Attack
113701,Britt EERLAND,NED,F,31,02/22/1994 00:00:00,Right Hand,Shakehand,https://wttsimfiles.blob.core.windows.net/wtt-media/photos/400px/113701_Headshot_R_EERLAND_Britt.png,Attack
113711,Irina CIOBANU,ROU,F,30,08/05/1995 00:00:00,Right Hand,Shakehand,https://wttsimfiles.blob.core.windows.net/wtt-media/photos/400px/113711_Headshot_R_CIOBANU_Irina.png,Attack
113908,Yousra HELMY,EGY,F,29,12/03/1995 00:00:00,Right Hand,Shakehand,https://wttsimfiles.blob.core.windows.net/wtt-media/photos/400px/113908_Headshot_R_HELMY_Yousra.png,Attack
113931,Jakub DYJAS,POL,M,29,10/09/1995 00:00:00,Right Hand,Shakehand,https://wttsimfiles.blob.core.windows.net/wtt-media/photos/400px/113931_Headshot_R_DYJAS_Jakub.png,Attack
113944,Lea RAKOVAC,CRO,F,29,03/03/1996 00:00:00,Right Hand,Shakehand,https://wttsimfiles.blob.core.windows.net/wtt-media/photos/400px/113944_HEADSHOT_R_RAKOVAC_Lea.png,Attack
114105,CHEN Szu-Yu,TPE,F,32,08/01/1993 00:00:00,Right Hand,Shakehand,https://wttsimfiles.blob.core.windows.net/wtt-media/photos/400px/114105_Headshot_R_CHEN_Szu_Yu.png,Attack
114247,Eugene WANG,CAN,M,39,11/13/1985 00:00:00,Right Hand,Shakehand,https://wttsimfiles.blob.core.windows.net/wtt-media/photos/400px/114247_Headshot_R_WANG_Eugene.png,Attack
114410,Elias RANEFUR,SWE,M,29,06/29/1996 00:00:00,Right Hand,Shakehand,https://wttsimfiles.blob.core.windows.net/wtt-media/photos/400px/114410_HEADSHOT_R_RANEFUR_Elias.png,Attack
114457,Saheed IDOWU,CGO,M,35,01/03/1990 00:00:00,Right Hand,Shakehand,,Attack
114460,Heming HU,AUS,M,31,03/21/1994 00:00:00,Right Hand,Shakehand,,Attack
114706,CHENG Hsien-Tzu,TPE,F,32,04/18/1993 00:00:00,Right Hand,Shakehand,https://wttsimfiles.blob.core.windows.net/wtt-media/photos/400px/114706_Headshot_R_CHENG_Hsien-Tzu.png,Attack
114709,Florent LAMBIET,BEL,M,29,12/22/1995 00:00:00,Right Hand,Shakehand,https://wttsimfiles.blob.core.windows.net/wtt-media/photos/400px/114709_Headshot_R_LAMBIET_Floren.png,Attack
114715,Dang QIU,GER,M,28,10/29/1996 00:00:00,Right Hand,Penhold,https://wttsimfiles.blob.core.windows.net/wtt-media/photos/400px/114715_Headshot_R_QIU_Dang.png,Attack
114716,Nandor ECSEKI,HUN,M,28,10/13/1996 00:00:00,Left Hand,Shakehand,https://wttsimfiles.blob.core.windows.net/wtt-media/photos/400px/114716_Headshot_R_ECSEKI_Nandor.png,Attack
114717,Adam SZUDI,HUN,M,29,01/29/1996 00:00:00,Right Hand,Shakehand,https://wttsimfiles.blob.core.windows.net/wtt-media/photos/400px/114717_Headshot_R_SZUDI_Adam.png,Attack
114718,Samuel WALKER,ENG,M,30,05/07/1995 00:00:00,Right Hand,Shakehand,https://wttsimfiles.blob.core.windows.net/wtt-media/photos/400px/114718_Headshot_R_ WALKER_Samuel.png,Attack
114726,Nina MITTELHAM,GER,F,28,11/23/1996 00:00:00,Right Hand,Shakehand,https://wttsimfiles.blob.core.windows.net/wtt-media/photos/400px/114726_Headshot_R_ MITTELHAM_Nina.png,Attack
114848,Martin ALLEGRO,BEL,M,29,04/29/1996 00:00:00,Left Hand,Shakehand,https://wttsimfiles.blob.core.windows.net/wtt-media/photos/400px/114848_Headshot_R_ALLEGRO_Martin.png,Attack
114856,Andrea LANDRIEU,FRA,M,29,01/16/1996 00:00:00,Right Hand,Shakehand,,Attack
114860,Bence MAJOROS,HUN,M,28,07/28/1997 00:00:00,Right Hand,Shakehand,https://wttsimfiles.blob.core.windows.net/wtt-media/photos/400px/114860_Headshot_R_MAJOROS_Bence.png,Attack
114905,Linda BERGSTROM,SWE,F,30,01/12/1995 00:00:00,Right Hand,Shakehand,https://wttsimfiles.blob.core.windows.net/wtt-media/photos/400px/114905_Headshot_R_Linda BERGSTROM.png,Defence
114936,JANG Woojin,KOR,M,30,09/10/1995 00:00:00,Right Hand,Shakehand,https://wttsimfiles.blob.core.windows.net/wtt-media/photos/400px/114936_Headshot_R_JANG_Woojin.png,Attack
115000,Brian AFANADOR,PUR,M,28,03/06/1997 00:00:00,Right Hand,Shakehand,https://wttsimfiles.blob.core.windows.net/wtt-media/photos/400px/115000_Headshot_R_AFANADOR_Brian.png,Attack
115009,Adriana DIAZ,PUR,F,24,10/31/2000 00:00:00,Right Hand,Shakehand,https://wttsimfiles.blob.core.windows.net/wtt-media/photos/400px/115009_HEADSHOT_R_Adriana_DIAZ.png,Attack
115029,Anders LIND,DEN,M,26,12/14/1998 00:00:00,Left Hand,Shakehand,https://wttsimfiles.blob.core.windows.net/wtt-media/photos/400px/115029_HEADSHOT_R_Anders_LIND.png,Attack
115037,SOO Wai Yam,HKG,F,27,04/13/1998 00:00:00,Right Hand,Shakehand,https://wttsimfiles.blob.core.windows.net/wtt-media/photos/400px/115037_Headshot_R_SOO_Wai_Yam_Minnie.png,Attack
115063,Simon BERGLUND,SWE,M,27,11/26/1997 00:00:00,Left Hand,Shakehand,https://wttsimfiles.blob.core.windows.net/wtt-media/photos/400px/115063_HEADSHOT_R_BERGLUND_Simon.png,Attack
115118,Abdulaziz BU SHULAYBI,KSA,M,28,03/16/1997 00:00:00,Right Hand,Shakehand,https://wttsimfiles.blob.core.windows.net/wtt-media/photos/400px/115118_HEADSHOT_R_BU SHULAYBI_Abdulaziz.png,Attack
115396,Joao GERALDO,POR,M,30,09/29/1995 00:00:00,Left Hand,Shakehand,https://wttsimfiles.blob.core.windows.net/wtt-media/photos/400px/115396_Headshot_R_GERALDO_Joao.png,Attack
115402,Sofia-Xuan ZHANG,ESP,F,26,09/14/1999 00:00:00,Left Hand,Shakehand,https://wttsimfiles.blob.core.windows.net/wtt-media/photos/400px/115402_Headshot_R_ ZHANG_Sofia-Xuan.png,Attack
115413,Giorgia PICCOLIN,ITA,F,29,01/15/1996 00:00:00,Right Hand,Shakehand,https://wttsimfiles.blob.core.windows.net/wtt-media/photos/400px/115413_Headshot_R_PICCOLIN_Giorgia.png,Attack
115430,Tin-Tin HO,ENG,F,27,09/03/1998 00:00:00,Right Hand,Penhold,https://wttsimfiles.blob.core.windows.net/wtt-media/photos/400px/115430_Headshot_R_ HO_Tin-Tin.png,Attack
115449,Andreas LEVENKO,AUT,M,27,07/17/1998 00:00:00,Right Hand,Shakehand,https://wttsimfiles.blob.core.windows.net/wtt-media/photos/400px/115449_Headshot_R_LEVENKO_Andreas.png,Attack
115454,Natalia BAJOR,POL,F,28,03/07/1997 00:00:00,Right Hand,Shakehand,https://wttsimfiles.blob.core.windows.net/wtt-media/photos/400px/115454_Headshot_R_BAJOR_Natalia.png,Attack
115543,DOO Hoi Kem,HKG,F,28,11/27/1996 00:00:00,Right Hand,Shakehand,https://wttsimfiles.blob.core.windows.net/wtt-media/photos/400px/115543_Headshot_R_ DOO_Hoi_Kem.png,Attack
115546,LAM Siu Hang,HKG,M,28,12/14/1996 00:00:00,Right Hand,Shakehand,https://wttsimfiles.blob.core.windows.net/wtt-media/photos/400px/115546_Headshot_R_LAM_Siu_Hang.png,Attack
115641,Hugo CALDERANO,BRA,M,29,06/22/1996 00:00:00,Right Hand,Shakehand,https://wttsimfiles.blob.core.windows.net/wtt-media/photos/400px/115641_Headshot_R_CALDERANO_Hugo.png,Attack
115850,Aikaterini TOLIOU,GRE,F,30,08/21/1995 00:00:00,Right Hand,Shakehand,https://wttsimfiles.blob.core.windows.net/wtt-media/photos/400px/115850_Headshot_R_TOLIOU_Aikaterini.png,Defence
115910,LIN Gaoyuan,CHN,M,30,03/19/1995 00:00:00,Left Hand,Shakehand,https://wttsimfiles.blob.core.windows.net/wtt-media/photos/400px/115910_Headshot_R_LIN_Gaoyuan.png,Attack
115920,Manika BATRA,IND,F,30,06/15/1995 00:00:00,Right Hand,Shakehand,https://wttsimfiles.blob.core.windows.net/wtt-media/photos/400px/115920_Headshot_R_BATRA_Manika.png,Attack
115939,Reeth TENNISON,IND,F,30,04/27/1995 00:00:00,,,https://wttsimfiles.blob.core.windows.net/wtt-media/photos/400px/115939_Headshot_R_TENNISON_Reeth.png,Attack
116021,Kanak JHA,USA,M,25,06/19/2000 00:00:00,Right Hand,Shakehand,https://wttsimfiles.blob.core.windows.net/wtt-media/photos/400px/116021_Headshot_R_Kanak JHA.png,Attack
116152,LAM Yee Lok,HKG,F,29,05/23/1996 00:00:00,Right Hand,Shakehand,https://wttsimfiles.blob.core.windows.net/wtt-media/photos/400px/116152_HEADSHOT_R_LAM_Yee Lok.png,Attack
116530,Kilian ORT,GER,M,29,04/27/1996 00:00:00,Right Hand,Shakehand,https://wttsimfiles.blob.core.windows.net/wtt-media/photos/400px/116530_Headshot_R_ORT_Kilian.png,Attack
116532,Tomislav PUCAR,CRO,M,29,01/26/1996 00:00:00,Right Hand,Shakehand,https://wttsimfiles.blob.core.windows.net/wtt-media/photos/400px/116532_Headshot_R_Tomislav PUCAR.png,Attack
116612,Can AKKUZU,FRA,M,28,05/23/1997 00:00:00,Right Hand,Shakehand,https://wttsimfiles.blob.core.windows.net/wtt-media/photos/400px/116612_Headshot_R_AKKUZU_Can.png,Attack
116620,Benedikt DUDA,GER,M,31,04/04/1994 00:00:00,Left Hand,Shakehand,https://wttsimfiles.blob.core.windows.net/wtt-media/photos/400px/116620_Headshot_R_Benedikt DUDA.png,Attack
116680,Filip ZELJKO,CRO,M,28,11/16/1996 00:00:00,Right Hand,Shakehand,https://wttsimfiles.blob.core.windows.net/wtt-media/photos/400px/116680_Headshot_R_ ZELJKO_Filip.png,Attack
116723,Youssef ABDELAZIZ,EGY,M,25,02/17/2000 00:00:00,Left Hand,Shakehand,https://wttsimfiles.blob.core.windows.net/wtt-media/photos/400px/116723_HEADSHOT_R_ABDELAZIZ_Youssef.png,Attack
116798,Tomas POLANSKY,CZE,M,27,07/16/1998 00:00:00,Right Hand,Shakehand,https://wttsimfiles.blob.core.windows.net/wtt-media/photos/400px/116798_Headshot_R_POLANSKY_Tomas.png,Attack
116831,Mahmoud HELMY,EGY,M,26,11/09/1998 00:00:00,Right Hand,Shakehand,https://wttsimfiles.blob.core.windows.net/wtt-media/photos/400px/116831_Headshot_R_HELMY_Mahmoud.png,Attack
116853,Anton KALLBERG,SWE,M,28,08/17/1997 00:00:00,Right Hand,Shakehand,https://wttsimfiles.blob.core.windows.net/wtt-media/photos/400px/116853_Headshot_R_Anton KALLBERG.png,Attack
116873,Marie MIGOT,FRA,F,27,05/19/1998 00:00:00,Right Hand,Shakehand,https://wttsimfiles.blob.core.windows.net/wtt-media/photos/400px/116873_Headshot_R_MIGOT_Marie.png,Attack
116874,Audrey ZARIF,FRA,F,27,07/23/1998 00:00:00,Right Hand,Shakehand,https://wttsimfiles.blob.core.windows.net/wtt-media/photos/400px/116874_Headshot_R_ZARIF_Audrey.png,Attack
116921,Pauline CHASSELIN,FRA,F,28,08/01/1997 00:00:00,Right Hand,Shakehand,https://wttsimfiles.blob.core.windows.net/wtt-media/photos/400px/116921_Headshot_R_CHASSELIN_Pauline.png,Attack
117002,Joe SEYFRIED,FRA,M,26,10/12/1998 00:00:00,Right Hand,Shakehand,https://wttsimfiles.blob.core.windows.net/wtt-media/photos/400px/117002_Headshot_R_SEYFRIED_Joe.png,Attack
117003,Alexandre CASSIN,FRA,M,27,10/05/1998 00:00:00,Right Hand,Shakehand,https://wttsimfiles.blob.core.windows.net/wtt-media/photos/400px/117003_Headshot_R_CASSIN_Alexandre.png,Attack
117009,Nathalie MARCHETTI,BEL,F,29,09/10/1996 00:00:00,Right Hand,Shakehand,https://wttsimfiles.blob.core.windows.net/wtt-media/photos/400px/117009_Headshot_R_MARCHETTI_Nathalie.png,Attack
117027,Dean SHU,NZL,M,26,02/12/1999 00:00:00,Right Hand,Shakehand,https://wttsimfiles.blob.core.windows.net/wtt-media/photos/400px/117027_Headshot_R_Dean SHU.png,Attack
117035,Krittwika ROY,IND,F,31,02/27/1994 00:00:00,Right Hand,Shakehand,https://wttsimfiles.blob.core.windows.net/wtt-media/photos/400px/117035_Headshot_R_ROY_Krittwika.png,Attack
117113,Maharu YOSHIMURA,JPN,M,32,08/03/1993 00:00:00,Right Hand,Shakehand,https://wttsimfiles.blob.core.windows.net/wtt-media/photos/400px/117113_Headshot_R_Maharu YOSHIMURA.png,Attack
117142,Lynda LOGHRAIBI,ALG,F,28,05/03/1997 00:00:00,Right Hand,Shakehand,https://wttsimfiles.blob.core.windows.net/wtt-media/photos/400px/117142_HEADSHOT_R_LOGHRAIBI_Lynda.png,Attack
117294,Daniela ORTEGA,CHI,F,27,08/25/1998 00:00:00,Right Hand,Shakehand,https://wttsimfiles.blob.core.windows.net/wtt-media/photos/400px/117294_HEADSHOT_R_ORTEGA_Daniela.png,Attack
117312,Vitor ISHIY,BRA,M,30,09/22/1995 00:00:00,Right Hand,Shakehand,https://wttsimfiles.blob.core.windows.net/wtt-media/photos/400px/ISHIY-Vitor_R.png,Attack
117332,ZHU Yuling,MAC,F,30,01/10/1995 00:00:00,Right Hand,Shakehand,https://wttsimfiles.blob.core.windows.net/wtt-media/photos/400px/117332_Headshot_R_ZHU Yuling.png,Attack
117336,Takuya JIN,JPN,M,32,03/02/1993 00:00:00,Right Hand,Shakehand,https://wttsimfiles.blob.core.windows.net/wtt-media/photos/400px/117336_Headshot_R_TAKUYA_Jin.png,Attack
117345,ZHOU Kai,CHN,M,29,03/01/1996 00:00:00,Right Hand,Shakehand,https://wttsimfiles.blob.core.windows.net/wtt-media/photos/400px/117345_HEADSHOT_R_ZHOU_Kai.png,Attack
117357,LIM Jonghoon,KOR,M,28,01/21/1997 00:00:00,Left Hand,Shakehand,https://wttsimfiles.blob.core.windows.net/wtt-media/photos/400px/117357_HEADSHOT_R_LIM_Jonghoon.png,Attack
117365,Sutirtha MUKHERJEE,IND,F,29,10/10/1995 00:00:00,Right Hand,Shakehand,https://wttsimfiles.blob.core.windows.net/wtt-media/photos/400px/117365_Headshot_R_ MUKHERJEE_Sutirtha.png,Attack
117463,Adina DIACONU,ROU,F,25,10/14/1999 00:00:00,Right Hand,Shakehand,https://wttsimfiles.blob.core.windows.net/wtt-media/photos/400px/117463_Headshot_R_Adina DIACONU.png,Attack
117530,Francisco SANCHI,ARG,M,26,02/07/1999 00:00:00,Right Hand,Shakehand,https://wttsimfiles.blob.core.windows.net/wtt-media/photos/400px/117530_Headshot_R_Francisco SANCHI.png,Attack
117604,Jeremy HAZIN,CAN,M,25,02/27/2000 00:00:00,Left Hand,Shakehand,https://wttsimfiles.blob.core.windows.net/wtt-media/photos/400px/117604_Headshot_R_ HAZIN_Jeremy.png,Attack
117820,Miu HIRANO,JPN,F,25,04/14/2000 00:00:00,Right Hand,Shakehand,https://wttsimfiles.blob.core.windows.net/wtt-media/photos/400px/117820_Headshot_R_Miu HIRANO.png,Attack
117821,Mima ITO,JPN,F,24,10/21/2000 00:00:00,Right Hand,Shakehand,https://wttsimfiles.blob.core.windows.net/wtt-media/photos/400px/117821_HEADSHOT_R_Mima_ITO 1.png,Attack
117822,Miyu KATO,JPN,F,26,04/14/1999 00:00:00,Right Hand,Shakehand,https://wttsimfiles.blob.core.windows.net/wtt-media/photos/400px/117822_Headshot_R_KATO_Miyu.png,Attack
117890,Kirill GERASSIMENKO,KAZ,M,28,12/18/1996 00:00:00,Right Hand,Shakehand,https://wttsimfiles.blob.core.windows.net/wtt-media/photos/400px/117890_Headshot_R_GERASSIMENKO_Kirill.png,Attack
118507,Christina KALLBERG,SWE,F,25,04/01/2000 00:00:00,Right Hand,Shakehand,https://wttsimfiles.blob.core.windows.net/wtt-media/photos/400px/118507_Headshot_R_Christina KALLBERG.png,Attack
118762,Ying HAN,GER,F,42,04/29/1983 00:00:00,Right Hand,Shakehand,https://wttsimfiles.blob.core.windows.net/wtt-media/photos/400px/118762_Headshot_R_Ying HAN.png,Defence
118777,Yuan WAN,GER,F,28,05/23/1997 00:00:00,Right Hand,Shakehand,https://wttsimfiles.blob.core.windows.net/wtt-media/photos/400px/118777_Headshot_R_WAN_Yuan.png,Attack
118786,LIN Ye,SGP,F,29,02/01/1996 00:00:00,Right Hand,Shakehand,https://wttsimfiles.blob.core.windows.net/wtt-media/photos/400px/118786_Headshot_R_LIN_Ye.png,Attack
118851,Deni KOZUL,SLO,M,28,03/18/1997 00:00:00,Right Hand,Shakehand,https://wttsimfiles.blob.core.windows.net/wtt-media/photos/400px/118851_Headshot_R_KOZUL_Deni.png,Attack
118868,Leonie HARTBRICH,HUN,F,26,09/08/1999 00:00:00,Right Hand,Shakehand,https://wttsimfiles.blob.core.windows.net/wtt-media/photos/400px/118868_Headshot_R_HARTBRICH_Leonie.png,Attack
118927,Darko JORGIC,SLO,M,27,07/30/1998 00:00:00,Right Hand,Shakehand,https://wttsimfiles.blob.core.windows.net/wtt-media/photos/400px/118927_Headshot_R_Darko JORGIC.png,Attack
118994,JEON Jihee,KOR,F,32,10/28/1992 00:00:00,Left Hand,Shakehand,https://wttsimfiles.blob.core.windows.net/wtt-media/photos/400px/118994_HEADSHOT_R_JEON_Jihee.png,Attack
119022,Amy WANG,USA,F,22,12/02/2002 00:00:00,Right Hand,Shakehand,https://wttsimfiles.blob.core.windows.net/wtt-media/photos/400px/119022_Headshot_R_WANG_Amy.png,Attack
119109,Camila ARGUELLES,ARG,F,35,01/22/1990 00:00:00,Left Hand,Shakehand,https://wttsimfiles.blob.core.windows.net/wtt-media/photos/400px/119109_Headshot_R_ARGUELLES_Camila.png,Attack
119284,CHO Seungmin,KOR,M,27,05/27/1998 00:00:00,Left Hand,Shakehand,https://wttsimfiles.blob.core.windows.net/wtt-media/photos/400px/119284_Headshot_R_CHO_Seungmin (NEW).png,Attack
119285,LEE Zion,KOR,F,29,05/27/1996 00:00:00,Right Hand,Shakehand,https://wttsimfiles.blob.core.windows.net/wtt-media/photos/400px/119285_HEADSHOT_R_LEE_Zion.png,Attack
119316,Horacio CIFUENTES,ARG,M,27,03/16/1998 00:00:00,Right Hand,Shakehand,https://wttsimfiles.blob.core.windows.net/wtt-media/photos/400px/119316_Headshot_R_CIFUENTES_Horacio.png,Attack
119529,FAN Siqi,CHN,F,27,02/28/1998 00:00:00,Right Hand,Shakehand,https://wttsimfiles.blob.core.windows.net/wtt-media/photos/400px/HEADSHOT_R_FAN_Siqi.png,Attack
119533,ZHOU Qihao,CHN,M,28,01/12/1997 00:00:00,Right Hand,Shakehand,https://wttsimfiles.blob.core.windows.net/wtt-media/photos/400px/119533_Headshot_R_ZHOU_Qihao.png,Attack
119537,Ayhika MUKHERJEE,IND,F,28,06/10/1997 00:00:00,Right Hand,Shakehand,https://wttsimfiles.blob.core.windows.net/wtt-media/photos/400px/119537_HEADSHOT_R_MUKHERJEE_Ayhika.png,Attack
119542,Sakura MORI,JPN,F,29,04/17/1996 00:00:00,Right Hand,Shakehand,https://wttsimfiles.blob.core.windows.net/wtt-media/photos/400px/119542_Headshot_R_MORI_Sakura.png,Attack
119565,LIAO Cheng-Ting,TPE,M,29,02/12/1996 00:00:00,Right Hand,Shakehand,https://wttsimfiles.blob.core.windows.net/wtt-media/photos/400px/119565_Headshot_R_LIAO_Cheng_Ting.png,Attack
119588,LIANG Jingkun,CHN,M,28,10/20/1996 00:00:00,Right Hand,Shakehand,https://wttsimfiles.blob.core.windows.net/wtt-media/photos/400px/119588_Headshot_R_LIANG_Jingkun.png,Attack
119730,HE Zhuojia,CHN,F,26,10/25/1998 00:00:00,Right Hand,Shakehand,https://wttsimfiles.blob.core.windows.net/wtt-media/photos/400px/119730_Headshot_R_HE_Zhuojia.png,Attack
119794,Yuto KIZUKURI,JPN,M,25,10/22/1999 00:00:00,Left Hand,Shakehand,https://wttsimfiles.blob.core.windows.net/wtt-media/photos/400px/119794_Headshot_R_KIZUKURI_Yuto.png,Attack
119797,QIAN Tianyi,CHN,F,25,01/23/2000 00:00:00,Left Hand,Shakehand,https://wttsimfiles.blob.core.windows.net/wtt-media/photos/400px/119797_Headshot_R_QIAN_Tianyi.png,Attack
119945,Xavier DIXON,AUS,M,26,05/05/1999 00:00:00,Right Hand,Shakehand,https://wttsimfiles.blob.core.windows.net/wtt-media/photos/400px/119945_HEADSHOT_R_DIXON_Xavier.png,Attack
120074,Luka MLADENOVIC,LUX,M,26,12/26/1998 00:00:00,Right Hand,Shakehand,https://wttsimfiles.blob.core.windows.net/wtt-media/photos/400px/120074_Headshot_R_MLADENOVIC_Luka.png,Attack
120125,Filippa BERGAND,SWE,F,26,03/11/1999 00:00:00,Right Hand,Shakehand,https://wttsimfiles.blob.core.windows.net/wtt-media/photos/400px/120125_Headshot_R_Filippa BERGAND.png,Attack
120187,Izabela LUPULESKU,SRB,F,25,11/07/1999 00:00:00,Right Hand,Shakehand,https://wttsimfiles.blob.core.windows.net/wtt-media/photos/400px/120187_Headshot_R_ LUPULESKU_Izabela.png,Attack
120224,Rares SIPOS,ROU,M,24,10/11/2000 00:00:00,Right Hand,Shakehand,https://wttsimfiles.blob.core.windows.net/wtt-media/photos/400px/120224_Headshot_R_SIPOS_Rares.png,Attack
120287,Matteo MUTTI,ITA,M,24,11/21/2000 00:00:00,Right Hand,Shakehand,https://wttsimfiles.blob.core.windows.net/wtt-media/photos/400px/120287_HEADSHOT_R_MUTTI_Matteo.png,Attack
120294,Gaia MONFARDINI,ITA,F,24,01/03/2001 00:00:00,Right Hand,Shakehand,https://wttsimfiles.blob.core.windows.net/wtt-media/photos/400px/120294_Headshot_R_MONFARDINI_Gaia.png,Attack
120318,POH Ethan,SGP,M,26,02/05/1999 00:00:00,Right Hand,Shakehand,https://wttsimfiles.blob.core.windows.net/wtt-media/photos/400px/120318_Headshot_R_POH_Shao_Feng_Ethan.png,Attack
120698,Alfred DELA PENA,NZL,M,26,09/06/1999 00:00:00,Left Hand,Shakehand,https://wttsimfiles.blob.core.windows.net/wtt-media/photos/400px/120698_HEADSHOT_R_DELA PENA_Alfred.png,Attack
120725,Marwa ALHODABY,EGY,F,25,04/05/2000 00:00:00,Right Hand,Shakehand,https://wttsimfiles.blob.core.windows.net/wtt-media/photos/400px/120725_HEADSHOT_R_ALHODABY_Marwa.png,Attack
120726,Mariam ALHODABY,EGY,F,25,04/05/2000 00:00:00,Right Hand,Shakehand,https://wttsimfiles.blob.core.windows.net/wtt-media/photos/400px/120726_Headshot_R_ALHODABY_Mariam.png,Attack
120845,KANG Dongsoo,KOR,M,31,03/14/1994 00:00:00,Right Hand,Shakehand,https://wttsimfiles.blob.core.windows.net/wtt-media/photos/400px/120845_HEADSHOT_R_KANG_Dongsoo.png,Defence
120850,Mizuki OIKAWA,JPN,M,28,06/26/1997 00:00:00,Right Hand,Shakehand,,Attack
120857,Florian BOURRASSAUD,FRA,M,25,03/22/2000 00:00:00,Right Hand,Shakehand,https://wttsimfiles.blob.core.windows.net/wtt-media/photos/400px/120857_Headshot_R_BOURRASSAUD_Florian.png,Attack
120972,Orawan PARANANG,THA,F,28,09/07/1997 00:00:00,Left Hand,Shakehand,https://wttsimfiles.blob.core.windows.net/wtt-media/photos/400px/120972_Headshot_R_PARANANG_Orawan.png,Attack
121031,Samuel KULCZYCKI,POL,M,23,08/09/2002 00:00:00,Right Hand,Shakehand,https://wttsimfiles.blob.core.windows.net/wtt-media/photos/400px/121031_Headshot_R_KULCZYCKI_Samuel.png,Attack
121040,Anna WEGRZYN,POL,F,24,01/09/2001 00:00:00,Right Hand,Shakehand,https://wttsimfiles.blob.core.windows.net/wtt-media/photos/400px/121040_HEADSHOT_R_WEGRYZN_Anna.png,Attack
121041,Katarzyna WEGRZYN,POL,F,24,01/09/2001 00:00:00,Right Hand,Shakehand,https://wttsimfiles.blob.core.windows.net/wtt-media/photos/400px/121041HEADSHOT_R_WEGRYZN_Katarzyna.png,Attack
121042,Cristian PLETEA,ROU,M,25,05/28/2000 00:00:00,Right Hand,Shakehand,https://wttsimfiles.blob.core.windows.net/wtt-media/photos/400px/121042_Headshot_R_ PLETEA_Cristian.png,Attack
121074,Sabina SURJAN,SRB,F,25,04/10/2000 00:00:00,Left Hand,Shakehand,https://wttsimfiles.blob.core.windows.net/wtt-media/photos/400px/121074_Headshot_R_SURJAN_Sabina.png,Attack
121222,Jishan LIANG,USA,M,33,11/08/1991 00:00:00,,,https://wttsimfiles.blob.core.windows.net/wtt-media/photos/400px/121222_HEADSHOT_R_LIANG_Jishan.png,Attack
121401,Jieni SHAO,POR,F,31,01/25/1994 00:00:00,Left Hand,Shakehand,https://wttsimfiles.blob.core.windows.net/wtt-media/photos/400px/121401_Headshot_R_SHAO_Jieni.png,Attack
121403,CHEN Xingtong,CHN,F,28,05/27/1997 00:00:00,Right Hand,Shakehand,https://wttsimfiles.blob.core.windows.net/wtt-media/photos/400px/121403_Headshot_R_CHEN_Xingtong.png,Attack
121404,FAN Zhendong,CHN,M,28,01/22/1997 00:00:00,Right Hand,Shakehand,https://wttsimfiles.blob.core.windows.net/wtt-media/photos/400px/121404_Headshot_R_FAN_Zhendong.png,Attack
121411,WANG Manyu,CHN,F,26,02/09/1999 00:00:00,Right Hand,Shakehand,https://wttsimfiles.blob.core.windows.net/wtt-media/photos/400px/121411_Headshot_R_WANG_Manyu.png,Attack
121412,XUE Fei,CHN,M,26,02/10/1999 00:00:00,Right Hand,Penhold,https://wttsimfiles.blob.core.windows.net/wtt-media/photos/400px/121412_Headshot_R_XUE_Fei.png,Attack
121420,Turki ALMUTAIRI,KSA,M,24,07/05/2001 00:00:00,Right Hand,Shakehand,https://wttsimfiles.blob.core.windows.net/wtt-media/photos/400px/121420_HEADSHOT_R_ALMUTAIRI_Turki.png,Attack
121514,AN Jaehyun,KOR,M,25,12/25/1999 00:00:00,Right Hand,Shakehand,https://wttsimfiles.blob.core.windows.net/wtt-media/photos/400px/121514_Headshot_R_AN Jaehyun.png,Attack
121558,WANG Chuqin,CHN,M,25,05/11/2000 00:00:00,Left Hand,Shakehand,https://wttsimfiles.blob.core.windows.net/wtt-media/photos/400px/121558_Headshot_R_WANG_Chuqin.png,Attack
121582,LIN Yun-Ju,TPE,M,24,08/17/2001 00:00:00,Left Hand,Shakehand,https://wttsimfiles.blob.core.windows.net/wtt-media/photos/400px/121582_Headshot_R_LIN_Yun_Ju.png,Attack
121623,Bruna TAKAHASHI,BRA,F,25,07/19/2000 00:00:00,Right Hand,Shakehand,https://wttsimfiles.blob.core.windows.net/wtt-media/photos/400px/121623_Headshot_R_TAKAHASHI_Bruna.png,Attack
121684,Tom JARVIS,ENG,M,25,12/02/1999 00:00:00,Right Hand,Shakehand,https://wttsimfiles.blob.core.windows.net/wtt-media/photos/400px/121684_Headshot_R_JARVIS_Tom.png,Attack
121714,Tatiana KUKULKOVA,SVK,F,25,07/18/2000 00:00:00,Right Hand,Shakehand,https://wttsimfiles.blob.core.windows.net/wtt-media/photos/400px/121714_Headshot_R_KUKULKOVA_Tatiana.png,Attack
121890,Ema LABOSOVA,SVK,F,24,03/07/2001 00:00:00,Right Hand,Shakehand,https://wttsimfiles.blob.core.windows.net/wtt-media/photos/400px/121890_Headshot_R_LABOSOVA_Ema.png,Attack
121940,Navid SHAMS,IRI,M,20,07/29/2005 00:00:00,Right Hand,Shakehand,https://wttsimfiles.blob.core.windows.net/wtt-media/photos/400px/121940_Headshot_R_SHAMS_Navid.png,Attack
122002,Lilian BARDET,FRA,M,24,01/03/2001 00:00:00,Right Hand,Shakehand,https://wttsimfiles.blob.core.windows.net/wtt-media/photos/400px/122002_HEADSHOT_R_BARDET_Lilian.png,Attack
122043,Martin FRIIS,SWE,M,23,07/09/2002 00:00:00,Left Hand,Shakehand,https://wttsimfiles.blob.core.windows.net/wtt-media/photos/400px/122043_HEADSHOT_R_FRIIS_Martin.png,Attack
122044,Truls MOREGARD,SWE,M,23,02/16/2002 00:00:00,Right Hand,Shakehand,https://wttsimfiles.blob.core.windows.net/wtt-media/photos/400px/122044_Headshot_R_MOREGARD_Truls.png,Attack
122051,John OYEBODE,ITA,M,23,02/25/2002 00:00:00,Right Hand,Shakehand,https://wttsimfiles.blob.core.windows.net/wtt-media/photos/400px/122051_HEADSHOT_R_OYEBODE_John.png,Attack
122052,LEE Eunhye,KOR,F,30,05/02/1995 00:00:00,Right Hand,Shakehand,https://wttsimfiles.blob.core.windows.net/wtt-media/photos/400px/122052_HEADSHOT_R_LEE_Eunhye.png,Attack
122231,ZHANG Wanling,SGP,F,25,02/08/2000 00:00:00,Right Hand,Shakehand,https://wttsimfiles.blob.core.windows.net/wtt-media/photos/400px/122231_Headshot_R_ZHANG Wanling.png,Attack
122261,Hitomi SATO,JPN,F,27,12/23/1997 00:00:00,Right Hand,Shakehand,https://wttsimfiles.blob.core.windows.net/wtt-media/photos/400px/122261_Headshot_R_SATO_Hitomi.png,Defence
122348,Solomiya BRATEYKO,UKR,F,26,02/24/1999 00:00:00,Left Hand,Shakehand,https://wttsimfiles.blob.core.windows.net/wtt-media/photos/400px/122348_Headshot_R_BRATEYKO_Solomiya.png,Attack
122419,Ivy LIAO,CAN,F,24,06/12/2001 00:00:00,Right Hand,Shakehand,https://wttsimfiles.blob.core.windows.net/wtt-media/photos/400px/122419_HEADSHOT_R_LIAO_Ivy.png,Attack
122425,Edward LY,CAN,M,22,01/29/2003 00:00:00,Right Hand,Shakehand,https://wttsimfiles.blob.core.windows.net/wtt-media/photos/400px/122425_HEADSHOT_R_LY_Edward.png,Attack
122428,Andreea DRAGOMAN,ROU,F,25,08/18/2000 00:00:00,Right Hand,Shakehand,https://wttsimfiles.blob.core.windows.net/wtt-media/photos/400px/122428_Headshot_R_DRAGOMAN_Andreea.png,Attack
122546,TAN Lucas,SGP,M,26,05/16/1999 00:00:00,Right Hand,Shakehand,https://wttsimfiles.blob.core.windows.net/wtt-media/photos/400px/122546_Headshot_R_TAN_Lucas.png,Attack
122586,Xiangjing ZHANG,USA,M,29,10/28/1995 00:00:00,,,https://wttsimfiles.blob.core.windows.net/wtt-media/photos/400px/122586_HEADSHOT_R_Xiangjing_ZHANG.png,Attack
122716,SU Pei-Ling,TPE,F,25,01/30/2000 00:00:00,Right Hand,Shakehand,https://wttsimfiles.blob.core.windows.net/wtt-media/photos/400px/122716_Headshot_R_SU_Pei-Ling.png,Attack
122718,Sreeja AKULA,IND,F,27,07/31/1998 00:00:00,Right Hand,Shakehand,https://wttsimfiles.blob.core.windows.net/wtt-media/photos/400px/122718_Headshot_R_Sreeja AKULA.png,Attack
122727,FENG Yi-Hsin,TPE,M,22,01/01/2003 00:00:00,Right Hand,Shakehand,https://wttsimfiles.blob.core.windows.net/wtt-media/photos/400px/122727_Headshot_R_FENG_Yi-Hsin.png,Attack
122777,Yukiya UDA,JPN,M,24,08/06/2001 00:00:00,Left Hand,Shakehand,https://wttsimfiles.blob.core.windows.net/wtt-media/photos/400px/122777_Headshot_R_Yukiya UDA.png,Attack
123019,Csaba ANDRAS,HUN,M,23,08/02/2002 00:00:00,Right Hand,Shakehand,https://wttsimfiles.blob.core.windows.net/wtt-media/photos/400px/123019_Headshot_R_ANDRAS_Csaba.png,Attack
123031,Guilherme TEODORO,BRA,M,23,12/03/2001 00:00:00,Right Hand,Shakehand,https://wttsimfiles.blob.core.windows.net/wtt-media/photos/400px/TEODORO-Guilherme_R.png,Attack
123112,ZHANG Rui,CHN,F,28,01/23/1997 00:00:00,Right Hand,Shakehand,https://wttsimfiles.blob.core.windows.net/wtt-media/photos/400px/123112_Headshot_R_ZHANG_Rui.png,Attack
123120,SHI Xunyao,CHN,F,24,07/16/2001 00:00:00,Right Hand,Shakehand,https://wttsimfiles.blob.core.windows.net/wtt-media/photos/400px/123120_Headshot_R_SHI_Xunyao.png,Attack
123228,Zauresh AKASHEVA,KAZ,F,24,12/02/2000 00:00:00,Right Hand,Shakehand,https://wttsimfiles.blob.core.windows.net/wtt-media/photos/400px/123228_Headshot_R_AKASHEVA_Zauresh.png,Attack
123300,Jules ROLLAND,FRA,M,25,09/04/2000 00:00:00,Right Hand,Shakehand,https://wttsimfiles.blob.core.windows.net/wtt-media/photos/400px/123300_HEADSHOT_R_ROLLAND_Jules.png,Attack
123505,ZHU Chengzhu,HKG,F,28,01/15/1997 00:00:00,Right Hand,Shakehand,https://wttsimfiles.blob.core.windows.net/wtt-media/photos/400px/123505_Headshot_R_ZHU_Cheng_Zhu.png,Attack
123550,Camille LUTZ,FRA,F,23,07/17/2002 00:00:00,Right Hand,Shakehand,https://wttsimfiles.blob.core.windows.net/wtt-media/photos/400px/123550_HEADSHOT_R_Camille_LUTZ.png,Attack
123575,WONG Xin Ru,SGP,F,23,12/19/2001 00:00:00,Right Hand,Shakehand,https://wttsimfiles.blob.core.windows.net/wtt-media/photos/400px/123575_HEADSHOT_R_WONG_Xin Ru.png,Attack
123578,BEH Kun Ting,SGP,M,24,06/14/2001 00:00:00,Right Hand,Shakehand,https://wttsimfiles.blob.core.windows.net/wtt-media/photos/400px/123578_Headshot_R_BEH Kun Ting.png,Attack
123579,GOI Rui Xuan,SGP,F,24,02/26/2001 00:00:00,Right Hand,Shakehand,https://wttsimfiles.blob.core.windows.net/wtt-media/photos/400px/123579_Headshot_R_GOI_Rui_Xuan.png,Attack
123580,KOH Kai Xin Pearlyn,SGP,F,24,07/06/2001 00:00:00,Right Hand,Shakehand,https://wttsimfiles.blob.core.windows.net/wtt-media/photos/400px/123580_Headshot_R_KOH_Kai_Xin_Pearlyn.png,Attack
123659,Adrien RASSENFOSSE,BEL,M,22,04/27/2003 00:00:00,Right Hand,Shakehand,https://wttsimfiles.blob.core.windows.net/wtt-media/photos/400px/123659_HEADSHOT_R_RASSENFOSSE_Adrien.png,Attack
123672,Hina HAYATA,JPN,F,25,07/07/2000 00:00:00,Left Hand,Shakehand,https://wttsimfiles.blob.core.windows.net/wtt-media/photos/400px/123672_Headshot_R_HAYATA_Hina.png,Attack
123680,Snehit SURAVAJJULA,IND,M,25,07/11/2000 00:00:00,Right Hand,Shakehand,https://wttsimfiles.blob.core.windows.net/wtt-media/photos/400px/123680_Headshot_R_SURAVAJJULA_Snehit.png,Attack
123682,Manav THAKKAR,IND,M,25,04/14/2000 00:00:00,Right Hand,Shakehand,https://wttsimfiles.blob.core.windows.net/wtt-media/photos/400px/123682_HEADSHOT_R_THAKKAR_Manav.png,Attack
123684,Archana KAMATH,IND,F,25,06/17/2000 00:00:00,Right Hand,Shakehand,https://wttsimfiles.blob.core.windows.net/wtt-media/photos/400px/123684_Headshot_R_KAMATH_Archana_Girish.png,Attack
123690,HO Kwan Kit,HKG,M,28,04/20/1997 00:00:00,Left Hand,Shakehand,https://wttsimfiles.blob.core.windows.net/wtt-media/photos/400px/123690_Headshot_R_HO_Kwan_Kit.png,Attack
123894,Jinnipa SAWETTABUT,THA,F,25,05/19/2000 00:00:00,Right Hand,Shakehand,https://wttsimfiles.blob.core.windows.net/wtt-media/photos/400px/123894_Headshot_R_SAWETTABUT_Jinnipa.png,Attack
123962,Kazuhiro YOSHIMURA,JPN,M,29,07/28/1996 00:00:00,Right Hand,Shakehand,https://wttsimfiles.blob.core.windows.net/wtt-media/photos/400px/123962_Headshot_R_YOSHIMURA_Kazuhiro.png,Attack
123971,CHO Daeseong,KOR,M,22,10/13/2002 00:00:00,Left Hand,Shakehand,https://wttsimfiles.blob.core.windows.net/wtt-media/photos/400px/123971_Headshot_R_CHO Daeseong.png,Attack
123977,SHIN Yubin,KOR,F,21,07/05/2004 00:00:00,Right Hand,Shakehand,https://wttsimfiles.blob.core.windows.net/wtt-media/photos/400px/123977_HEADSHOT_R_SHIN_Yubin.png,Attack
123980,Tomokazu HARIMOTO,JPN,M,22,06/27/2003 00:00:00,Right Hand,Shakehand,https://wttsimfiles.blob.core.windows.net/wtt-media/photos/400px/123980_Headshot_R_Tomokazu HARIMOTO.png,Attack
124110,WANG Yidi,CHN,F,28,02/14/1997 00:00:00,Right Hand,Shakehand,https://wttsimfiles.blob.core.windows.net/wtt-media/photos/400px/124110_Headshot_R_WANG_Yidi.png,Attack
124162,LI Yu-Jhun,TPE,F,27,12/06/1997 00:00:00,Right Hand,Shakehand,https://wttsimfiles.blob.core.windows.net/wtt-media/photos/400px/124162_HEADSHOT_R_LI_Yu-Jhun.png,Attack
124165,CHIEN Tung-Chuan,TPE,F,23,01/01/2002 00:00:00,Left Hand,Shakehand,https://wttsimfiles.blob.core.windows.net/wtt-media/photos/400px/124165_Headshot_R_CHIEN Tung-Chuan.png,Attack
124572,HUANG Yan-Cheng,TPE,M,22,03/11/2003 00:00:00,Right Hand,Shakehand,https://wttsimfiles.blob.core.windows.net/wtt-media/photos/400px/124572_HEADSHOT_R_HUANG_Yan-Cheng.png,Attack
124584,HUANG Yu-Jie,TPE,F,22,05/03/2003 00:00:00,Right Hand,Shakehand,https://wttsimfiles.blob.core.windows.net/wtt-media/photos/400px/124584_HEADSHOT_R_HUANG_Yu-Jie.png,Attack
124591,Miyu NAGASAKI,JPN,F,23,06/15/2002 00:00:00,Left Hand,Shakehand,https://wttsimfiles.blob.core.windows.net/wtt-media/photos/400px/124591_Headshot_R_Miyu NAGASAKI.png,Attack
131036,Miyuu KIHARA,JPN,F,21,08/03/2004 00:00:00,Right Hand,Shakehand,https://wttsimfiles.blob.core.windows.net/wtt-media/photos/400px/131036_Headshot_R_Miyuu KIHARA.png,Attack
131086,Franziska SCHREINER,GER,F,23,12/22/2001 00:00:00,Right Hand,Shakehand,https://wttsimfiles.blob.core.windows.net/wtt-media/photos/400px/131086_Headshot_R_SCHREINER_Franziska.png,Attack
131100,Prithika PAVADE,FRA,F,21,08/02/2004 00:00:00,Left Hand,Shakehand,https://wttsimfiles.blob.core.windows.net/wtt-media/photos/400px/131100_HEADSHOT_R_PAVADE_Prithika.png,Attack
131132,Jiamuwa WU,AUS,F,26,08/19/1999 00:00:00,Right Hand,Shakehand,https://wttsimfiles.blob.core.windows.net/wtt-media/photos/400px/131132_Headshot_R_Jiamuwa WU.png,Attack
131141,Hanitra RAHARIMANANA,MAD,F,22,10/15/2002 00:00:00,Right Hand,Shakehand,https://wttsimfiles.blob.core.windows.net/wtt-media/photos/400px/131141_Headshot_R_Hanitra RAHARIMANANA.png,Attack
131148,XU Yingbin,CHN,M,24,03/12/2001 00:00:00,Right Hand,Shakehand,https://wttsimfiles.blob.core.windows.net/wtt-media/photos/400px/131148_HEADSHOT_R_XU_Yingbin.png,Attack
131163,SUN Yingsha,CHN,F,24,11/04/2000 00:00:00,Right Hand,Shakehand,https://wttsimfiles.blob.core.windows.net/wtt-media/photos/400px/131163_HEADSHOT_R_SUN_Yingsha.png,Attack
131211,Borgar HAUG,NOR,M,22,11/21/2002 00:00:00,Left Hand,Shakehand,https://wttsimfiles.blob.core.windows.net/wtt-media/photos/400px/131211_Headshot_R_HAUG_Borgar.png,Attack
131335,Hana GODA,EGY,F,17,12/12/2007 00:00:00,Right Hand,Shakehand,https://wttsimfiles.blob.core.windows.net/wtt-media/photos/400px/131335_HEADSHOT_R_Hana_GODA.png,Attack
131342,ZENG Jian,SGP,F,28,11/19/1996 00:00:00,Right Hand,Shakehand,https://wttsimfiles.blob.core.windows.net/wtt-media/photos/400px/131342_Headshot_R_ZENG Jian.png,Attack
131375,Yuta TANAKA,JPN,M,24,11/18/2000 00:00:00,Right Hand,Shakehand,https://wttsimfiles.blob.core.windows.net/wtt-media/photos/400px/131375_Headshot_R_Yuta TANAKA.png,Attack
131395,Diya CHITALE,IND,F,22,04/02/2003 00:00:00,Right Hand,Shakehand,https://wttsimfiles.blob.core.windows.net/wtt-media/photos/400px/131395_Headshot_R_CHITALE_Diya_Parag.png,Attack
131401,CHOI Hyojoo,KOR,F,27,04/15/1998 00:00:00,Left Hand,Shakehand,https://wttsimfiles.blob.core.windows.net/wtt-media/photos/400px/131401_Headshot_R_ CHOI_Hyojoo.png,Attack
131446,Angel NARANJO,PUR,M,21,01/28/2004 00:00:00,Right Hand,Shakehand,https://wttsimfiles.blob.core.windows.net/wtt-media/photos/400px/131446_HEADSHOT_R_NARANJO_Angel.png,Attack
131454,Matilda HANSSON,SWE,F,22,04/23/2003 00:00:00,Right Hand,Shakehand,https://wttsimfiles.blob.core.windows.net/wtt-media/photos/400px/131454_HEADSHOT_R_HANSSON_Matilda.png,Attack
131455,Nomin BAASAN,SWE,F,21,07/27/2004 00:00:00,Right Hand,Shakehand,https://wttsimfiles.blob.core.windows.net/wtt-media/photos/400px/131455_HEADSHOT_R_BAASAN_Nomin.png,Attack
131461,Alma ROOSE,SWE,F,24,03/01/2001 00:00:00,Right Hand,Shakehand,https://wttsimfiles.blob.core.windows.net/wtt-media/photos/400px/131461_HEADSHOT_R_ROOSE_Alma .png,Attack
131464,Hannah HOLGERSSON,SWE,F,22,10/20/2002 00:00:00,Right Hand,Shakehand,https://wttsimfiles.blob.core.windows.net/wtt-media/photos/400px/131464_HEADSHOT_R_HOLGERSSON_Hannah.png,Attack
131480,Anna HURSEY,WAL,F,19,06/22/2006 00:00:00,Right Hand,Shakehand,https://wttsimfiles.blob.core.windows.net/wtt-media/photos/400px/131480_Headshot_R_HURSEY_Anna.png,Attack
131484,Amir Hossein HODAEI,IRI,M,27,06/15/1998 00:00:00,Right Hand,Shakehand,https://wttsimfiles.blob.core.windows.net/wtt-media/photos/400px/131484_Headshot_R_HODAEI_Amir_Hossein.png,Attack
131581,Nicole ARLIA,ITA,F,19,12/14/2005 00:00:00,Right Hand,Shakehand,https://wttsimfiles.blob.core.windows.net/wtt-media/photos/400px/131581_HEADSHOT_R_ARLIA_Nicole.png,Attack
131618,Clio BARCENAS,MEX,F,23,06/17/2002 00:00:00,Right Hand,Shakehand,https://wttsimfiles.blob.core.windows.net/wtt-media/photos/400px/131618_HEADSHOT_R_BARCENAS_Clio.png,Attack
131671,Maciej KUBIK,POL,M,22,02/10/2003 00:00:00,Right Hand,Shakehand,https://wttsimfiles.blob.core.windows.net/wtt-media/photos/400px/131671_Headshot_R_KUBIK_Maciej.png,Attack
131798,Finn LUU,AUS,M,20,12/14/2004 00:00:00,Right Hand,Shakehand,https://wttsimfiles.blob.core.windows.net/wtt-media/photos/400px/131798_Headshot_R_Finn LUU.png,Attack
131879,Manush SHAH,IND,M,24,01/12/2001 00:00:00,Left Hand,Shakehand,https://wttsimfiles.blob.core.windows.net/wtt-media/photos/400px/131879_Headshot_R_Manush SHAH.png,Attack
131912,PANG Koen,SGP,M,23,05/08/2002 00:00:00,Left Hand,Shakehand,https://wttsimfiles.blob.core.windows.net/wtt-media/photos/400px/131912_Headshot_R_PANG_Koen.png,Attack
131917,Payas JAIN,IND,M,21,09/26/2004 00:00:00,Right Hand,Shakehand,https://wttsimfiles.blob.core.windows.net/wtt-media/photos/400px/131917_HEADSHOT_R_JAIN_Payas.png,Attack
131962,WONG Andy,SGP,M,22,01/30/2003 00:00:00,Right Hand,Shakehand,https://wttsimfiles.blob.core.windows.net/wtt-media/photos/400px/131962_HEADSHOT_R_WONG_Andy.png,Attack
131965,ZHOU Jingyi,SGP,F,20,05/08/2005 00:00:00,Right Hand,Shakehand,https://wttsimfiles.blob.core.windows.net/wtt-media/photos/400px/131965_Headshot_R_ZHOU Jingyi.png,Attack
131966,TAN Zhao Yun,SGP,F,20,01/11/2005 00:00:00,,,https://wttsimfiles.blob.core.windows.net/wtt-media/photos/400px/131966_Headshot_R_TAN Zhao Yun.png,Defence
132022,Kay STUMPER,GER,M,22,10/15/2002 00:00:00,Right Hand,Shakehand,https://wttsimfiles.blob.core.windows.net/wtt-media/photos/400px/132022_Headshot_R_STUMPER_Kay.png,Attack
132023,Hend FATHY,EGY,F,21,12/21/2003 00:00:00,Left Hand,Shakehand,https://wttsimfiles.blob.core.windows.net/wtt-media/photos/400px/132023_HEADSHOT_R_FATHY_Hend.png,Attack
132081,Khalid ALSHAREIF,KSA,M,21,08/04/2004 00:00:00,Right Hand,Shakehand,https://wttsimfiles.blob.core.windows.net/wtt-media/photos/400px/132081_HEADSHOT_R_ALSHAREIF_Khalid.png,Attack
132132,CHEN Yi,CHN,F,21,08/24/2004 00:00:00,Right Hand,Shakehand,https://wttsimfiles.blob.core.windows.net/wtt-media/photos/400px/132132_Headshot_R_CHEN_Yi.png,Attack
132144,SER Lin Qian,SGP,F,19,05/01/2006 00:00:00,Right Hand,Shakehand,https://wttsimfiles.blob.core.windows.net/wtt-media/photos/400px/132144_Headshot_R_SER_Lin Qian.png,Attack
132147,LIM Dao Yi,SGP,M,22,03/12/2003 00:00:00,Right Hand,Shakehand,https://wttsimfiles.blob.core.windows.net/wtt-media/photos/400px/132147_HEADSHOT_R_LIM_Dao-Yi.png,Attack
132318,NG Wing Lam,HKG,F,21,10/20/2003 00:00:00,Left Hand,Shakehand,https://wttsimfiles.blob.core.windows.net/wtt-media/photos/400px/132318_HEADSHOT_R_NG_Wing Lam.png,Attack
132389,Yonghun LEE,AUS,M,24,05/29/2001 00:00:00,,,https://wttsimfiles.blob.core.windows.net/wtt-media/photos/400px/132389_HEADSHOT_R_LEE_Yonghun.png,Attack
132715,YOO Siwoo,KOR,F,23,12/14/2001 00:00:00,Right Hand,Shakehand,https://wttsimfiles.blob.core.windows.net/wtt-media/photos/400px/132715_HEADSHOT_R_YOO_Siwoo.png,Attack
132724,CHANG Li Sian,MAS,F,24,10/19/2000 00:00:00,Right Hand,Shakehand,https://wttsimfiles.blob.core.windows.net/wtt-media/photos/400px/132724_Headshot_R_CHANG Li Sian Alice.png,Defence
132756,Hana ARAPOVIC,CRO,F,21,08/26/2004 00:00:00,Right Hand,Shakehand,https://wttsimfiles.blob.core.windows.net/wtt-media/photos/400px/132756_HEADSHOT_R_ARAPOVIC_Hana.png,Attack
132793,Santiago LORENZO,ARG,M,24,09/21/2001 00:00:00,Right Hand,Shakehand,https://wttsimfiles.blob.core.windows.net/wtt-media/photos/400px/132793_HEADSHOT_R_LORENZO_Santiago.png,Attack
132824,KAO Cheng-Jui,TPE,M,20,12/25/2004 00:00:00,Right Hand,Shakehand,https://wttsimfiles.blob.core.windows.net/wtt-media/photos/400px/132824_HEADSHOT_R_KAO_Cheng-Jui.png,Attack
132992,Alexis LEBRUN,FRA,M,22,08/27/2003 00:00:00,Right Hand,Shakehand,https://wttsimfiles.blob.core.windows.net/wtt-media/photos/400px/132992_HEADSHOT_R_LEBRUN_Alexis.png,Attack
133000,Honoka HASHIMOTO,JPN,F,27,07/05/1998 00:00:00,Right Hand,Shakehand,https://wttsimfiles.blob.core.windows.net/wtt-media/photos/400px/133000_Headshot_R_Honoka HASHIMOTO.png,Defence
133026,Ozge YILMAZ,TUR,F,22,11/04/2002 00:00:00,Left Hand,Shakehand,https://wttsimfiles.blob.core.windows.net/wtt-media/photos/400px/133026_Headshot_R_YILMAZ Ozge.png,Attack
133340,Ece HARAC,TUR,F,23,10/07/2002 00:00:00,Right Hand,Shakehand,https://wttsimfiles.blob.core.windows.net/wtt-media/photos/400px/133340_Headshot_R_HARAC_Ece.png,Attack
133347,KIM Taehyun,KOR,M,22,05/12/2003 00:00:00,,,https://wttsimfiles.blob.core.windows.net/wtt-media/photos/400px/133347_Headsho_KIM Taehyun_R.png,Attack
133367,Fabio RAKOTOARIMANANA,MAD,M,22,07/24/2003 00:00:00,Right Hand,Shakehand,https://wttsimfiles.blob.core.windows.net/wtt-media/photos/400px/133367_Headshot_R_Fabio RAKOTOARIMANANA.png,Attack
133395,David BJORKRYD,SWE,M,19,06/26/2006 00:00:00,,,https://wttsimfiles.blob.core.windows.net/wtt-media/photos/400px/133395_Headshot_R_BJORKRYD_David.png,Attack
133396,Leah TVEIT,SWE,F,20,12/19/2004 00:00:00,Right Hand,Shakehand,https://wttsimfiles.blob.core.windows.net/wtt-media/photos/400px/133396_Headshot_R_Leah TVEIT.png,Defence
133405,Satsuki ODO,JPN,F,21,05/16/2004 00:00:00,Right Hand,Shakehand,https://wttsimfiles.blob.core.windows.net/wtt-media/photos/400px/133405_Headshot_R_Satsuki ODO.png,Attack
133441,Nicolas BURGOS,CHI,M,23,12/17/2001 00:00:00,Right Hand,Shakehand,https://wttsimfiles.blob.core.windows.net/wtt-media/photos/400px/133441_HEADSHOT_R_BURGOS_Nicolas.png,Attack
133469,Salem ALSUWAILEM,KSA,M,20,07/22/2005 00:00:00,Right Hand,Shakehand,https://wttsimfiles.blob.core.windows.net/wtt-media/photos/400px/133469_HEADSHOT_R_ALSUWAILEM_Salem.png,Attack
133478,Giulia TAKAHASHI,BRA,F,20,04/02/2005 00:00:00,Right Hand,Shakehand,https://wttsimfiles.blob.core.windows.net/wtt-media/photos/400px/133478_HEADSHOT_R_TAKAHASHI_Giulia.png,Attack
133593,Swastika GHOSH,IND,F,22,06/07/2003 00:00:00,Right Hand,Shakehand,https://wttsimfiles.blob.core.windows.net/wtt-media/photos/400px/133593_Headshot_R_Swastika GHOSH.png,Attack
133606,CHENG Janissa,SGP,F,19,12/18/2005 00:00:00,Right Hand,Shakehand,https://wttsimfiles.blob.core.windows.net/wtt-media/photos/400px/133606_HEADSHOT_R_CHENG_Janissa.png,Attack
133633,Daniel BERZOSA,ESP,M,19,04/03/2006 00:00:00,Left Hand,Shakehand,https://wttsimfiles.blob.core.windows.net/wtt-media/photos/400px/133633_HEADSHOT_R_BERZOSA_Daniel.png,Attack
133694,Shunsuke TOGAMI,JPN,M,24,08/24/2001 00:00:00,Right Hand,Shakehand,https://wttsimfiles.blob.core.windows.net/wtt-media/photos/400px/133694_HEADSHOT_R_Shunsuke_TOGAMI.png,Attack
133713,QUEK Izaac,SGP,M,19,05/26/2006 00:00:00,Right Hand,Shakehand,https://wttsimfiles.blob.core.windows.net/wtt-media/photos/400px/133713_Headshot_R_QUEK_Izaac .png,Attack
133736,Taiwo MATI,NGR,M,20,04/15/2005 00:00:00,Left Hand,Shakehand,https://wttsimfiles.blob.core.windows.net/wtt-media/photos/400px/133736_HEADSHOT_R_MATI_Taiwo.png,Attack
133814,KIM Nayeong,KOR,F,20,10/01/2005 00:00:00,Right Hand,Shakehand,https://wttsimfiles.blob.core.windows.net/wtt-media/photos/400px/133814_HEADSHOT_R_KIM_Nayeong.png,Attack
133848,YUAN Licen,CHN,M,25,05/28/2000 00:00:00,Left Hand,Shakehand,https://wttsimfiles.blob.core.windows.net/wtt-media/photos/400px/Headshot_R_YUAN_Licen.png,Attack
133850,CHUA Josh,SGP,M,24,07/22/2001 00:00:00,Right Hand,Shakehand,https://wttsimfiles.blob.core.windows.net/wtt-media/photos/400px/133850_Headshot_R_CHUA_Josh.png,Attack
133853,KOH Dominic,SGP,M,23,05/23/2002 00:00:00,Right Hand,Shakehand,https://wttsimfiles.blob.core.windows.net/wtt-media/photos/400px/133853_HEADSHOT_R_KOH_Dominic.png,Attack
133867,CHAN Baldwin,HKG,M,20,12/24/2004 00:00:00,Left Hand,Shakehand,https://wttsimfiles.blob.core.windows.net/wtt-media/photos/400px/133867_HEADSHOT_R_CHAN_Baldwin.png,Attack
133893,XU Haidong,CHN,M,25,06/12/2000 00:00:00,Right Hand,Penhold,https://wttsimfiles.blob.core.windows.net/wtt-media/photos/400px/133893_Headshot_R_XU_Haidong.png,Attack
133894,LIU Weishan,CHN,F,26,10/04/1999 00:00:00,Right Hand,Shakehand,https://wttsimfiles.blob.core.windows.net/wtt-media/photos/400px/Headshot_R_LIU_Weishan.png,Attack
134011,Elena ZAHARIA,ROU,F,20,11/04/2004 00:00:00,Right Hand,Shakehand,https://wttsimfiles.blob.core.windows.net/wtt-media/photos/400px/134011_HEADSHOT_R_ZAHARIA_Elena.png,Attack
134169,Iulian CHIRITA,ROU,M,19,02/02/2006 00:00:00,Right Hand,Shakehand,https://wttsimfiles.blob.core.windows.net/wtt-media/photos/400px/134169_HEADSHOT_R_CHIRITA_Iulian.png,Attack
134246,Amirreza ABBASI,IRI,M,25,06/01/2000 00:00:00,Right Hand,Shakehand,https://wttsimfiles.blob.core.windows.net/wtt-media/photos/400px/134246_HEADSHOT_R_ABBASI_Amirreza.png,Defence
134329,Lucie MOBAREK,FRA,F,21,05/08/2004 00:00:00,Right Hand,Shakehand,https://wttsimfiles.blob.core.windows.net/wtt-media/photos/400px/134329_HEADSHOT_R_MOBAREK_Lucie.png,Attack
134356,Arantxa COSSIO,MEX,F,21,05/07/2004 00:00:00,Right Hand,Shakehand,https://wttsimfiles.blob.core.windows.net/wtt-media/photos/400px/134356_HEADSHOT_R_COSSIO-ACEVES_Arantxa.png,Attack
134369,Ioana SINGEORZAN,ROU,F,21,03/28/2004 00:00:00,Right Hand,Shakehand,https://wttsimfiles.blob.core.windows.net/wtt-media/photos/400px/134369_HEADSHOT_R_SINGEORZAN_Ioana.png,Attack
134442,Hiroto SHINOZUKA,JPN,M,21,12/23/2003 00:00:00,Left Hand,Shakehand,https://wttsimfiles.blob.core.windows.net/wtt-media/photos/400px/134442_Headshot_R_SHINOZUKA_Hiroto.png,Attack
134463,Victor XIE,USA,M,17,11/08/2007 00:00:00,,,https://wttsimfiles.blob.core.windows.net/wtt-media/photos/400px/134463_HEADSHOT_R_Victor_XIE.png,Attack
134486,Ved SHETH,USA,M,19,11/17/2005 00:00:00,Right Hand,Shakehand,https://wttsimfiles.blob.core.windows.net/wtt-media/photos/400px/134486_Headshot_R_Ved SHETH.png,Attack
134489,Sally MOYLAND,USA,F,18,05/29/2007 00:00:00,Right Hand,Shakehand,https://wttsimfiles.blob.core.windows.net/wtt-media/photos/400px/134489_Headshot_R_Sally MOYLAND.png,Attack
134583,Kazuki HAMADA,JPN,M,22,09/12/2003 00:00:00,Right Hand,Shakehand,https://wttsimfiles.blob.core.windows.net/wtt-media/photos/400px/134583_HEADSHOT_R_HAMADA_Kazuki.png,Attack
134606,Isak ALFREDSSON,SWE,M,19,06/12/2006 00:00:00,Left Hand,Shakehand,https://wttsimfiles.blob.core.windows.net/wtt-media/photos/400px/134606_Headshot_R_Isak ALFREDSSON.png,Attack
134625,Juan PEREZ,ESP,M,23,08/19/2002 00:00:00,Right Hand,Shakehand,https://wttsimfiles.blob.core.windows.net/wtt-media/photos/400px/134625_Headshot_R_Juan PEREZ.png,Attack
134718,Thibault PORET,FRA,M,21,06/30/2004 00:00:00,Right Hand,Shakehand,https://wttsimfiles.blob.core.windows.net/wtt-media/photos/400px/134718_HEADSHOT_R_PORET_Thibault.png,Attack
134800,Nicholas LUM,AUS,M,20,05/29/2005 00:00:00,Left Hand,Shakehand,https://wttsimfiles.blob.core.windows.net/wtt-media/photos/400px/134800_Headshot_R_Nicholas LUM.png,Attack
134803,Hwan BAE,AUS,M,20,03/17/2005 00:00:00,,,https://wttsimfiles.blob.core.windows.net/wtt-media/photos/400px/134803_Headshot_R_Hwan BAE.png,Attack
134849,Rogelio CASTRO,MEX,M,20,01/17/2005 00:00:00,,,https://wttsimfiles.blob.core.windows.net/wtt-media/photos/400px/134849_HEADSHOT_R_CASTRO_Rogelio.png,Attack
135019,Milosz REDZIMSKI,POL,M,19,09/10/2006 00:00:00,Right Hand,Shakehand,https://wttsimfiles.blob.core.windows.net/wtt-media/photos/400px/135019_HEADSHOT_R_REDZIMSKI_Milosz.png,Attack
135023,Eduard IONESCU,ROU,M,20,11/09/2004 00:00:00,Right Hand,Shakehand,https://wttsimfiles.blob.core.windows.net/wtt-media/photos/400px/135023_HEADSHOT_R_IONESCU_Eduard.png,Attack
135039,Zuzanna WIELGOS,POL,F,19,11/08/2005 00:00:00,Right Hand,Shakehand,https://wttsimfiles.blob.core.windows.net/wtt-media/photos/400px/135039_HEADSHOT_R_WIELGOS_Zuzanna.png,Attack
135049,KUAI Man,CHN,F,21,02/07/2004 00:00:00,Left Hand,Shakehand,https://wttsimfiles.blob.core.windows.net/wtt-media/photos/400px/135049_Headshot_R_KUAI_Man.png,Attack
135050,CHEN Yuanyu,CHN,M,20,07/06/2005 00:00:00,Right Hand,Shakehand,https://wttsimfiles.blob.core.windows.net/wtt-media/photos/400px/135050_Headshot_R_CHEN_Yuanyu.png,Attack
135103,Elias SJOGREN,SWE,M,19,01/07/2006 00:00:00,Right Hand,Shakehand,https://wttsimfiles.blob.core.windows.net/wtt-media/photos/400px/135103_Headshot_R_SJOGREN_Elias.png,Attack
135306,Brianna BURGOS,PUR,F,20,05/04/2005 00:00:00,Right Hand,Shakehand,https://wttsimfiles.blob.core.windows.net/wtt-media/photos/400px/135306_HEADSHOT_R_BURGOS_Brianna.png,Attack
135367,OH Junsung,KOR,M,19,06/12/2006 00:00:00,Right Hand,Shakehand,https://wttsimfiles.blob.core.windows.net/wtt-media/photos/400px/135367_Headshot_R_OH Junsung.png,Attack
135394,Andrei ISTRATE,ROU,M,20,07/01/2005 00:00:00,Right Hand,Shakehand,https://wttsimfiles.blob.core.windows.net/wtt-media/photos/400px/135394_HEADSHOT_R_ISTRATE_Andrei.png,Attack
135493,Annett KAUFMANN,GER,F,19,06/23/2006 00:00:00,Left Hand,Shakehand,https://wttsimfiles.blob.core.windows.net/wtt-media/photos/400px/135493_Headshot_R_KAUFMANN_Annett.png,Attack
135501,Charlotte LUTZ,FRA,F,20,05/17/2005 00:00:00,Right Hand,Shakehand,https://wttsimfiles.blob.core.windows.net/wtt-media/photos/400px/135501_Headshot_R_LUTZ_Charlotte.png,Attack
135571,LAI Chloe,SGP,F,18,03/02/2007 00:00:00,Right Hand,Shakehand,https://wttsimfiles.blob.core.windows.net/wtt-media/photos/400px/135571_Headshot_R_LAI Chloe.png,Attack
135689,Isabella XU,USA,F,18,11/04/2006 00:00:00,,,https://wttsimfiles.blob.core.windows.net/wtt-media/photos/400px/135689_HEADSHOT_R_Isabella_XU.png,Attack
135698,Jiangshan GUO,USA,F,26,01/02/1999 00:00:00,,,https://wttsimfiles.blob.core.windows.net/wtt-media/photos/400px/135698_Headshot_R_GUO_Jiangshan.png,Attack
135715,Kayla GOODWIN,USA,F,18,02/11/2007 00:00:00,,,https://wttsimfiles.blob.core.windows.net/wtt-media/photos/400px/135715_HEADSHOT_R_GOODWIN_Kayla.png,Attack
135745,MA Jinbao,CHN,M,25,02/18/2000 00:00:00,Right Hand,Shakehand,https://wttsimfiles.blob.core.windows.net/wtt-media/photos/400px/135745_HEADSHOT_R_MA_Jinbao.png,Attack
135768,Nandan NARESH,USA,M,18,12/30/2006 00:00:00,Right Hand,Shakehand,https://wttsimfiles.blob.core.windows.net/wtt-media/photos/400px/135768_HEADSHOT_R_NARESH_Nandan.png,Attack
135769,Sid NARESH,USA,M,21,02/13/2004 00:00:00,Right Hand,Shakehand,https://wttsimfiles.blob.core.windows.net/wtt-media/photos/400px/135769_HEADSHOT_R_NARESH_Sid.png,Attack
135888,XIANG Peng,CHN,M,22,03/07/2003 00:00:00,Right Hand,Shakehand,https://wttsimfiles.blob.core.windows.net/wtt-media/photos/400px/Headshot_R_XIANG_Peng.png,Attack
135919,ZENG Beixun,CHN,M,22,06/12/2003 00:00:00,Right Hand,Shakehand,https://wttsimfiles.blob.core.windows.net/wtt-media/photos/400px/135919_Headshot_R_ZENG_Beixun.png,Attack
135922,YANG Yiyun,CHN,F,22,07/18/2003 00:00:00,Right Hand,Shakehand,https://wttsimfiles.blob.core.windows.net/wtt-media/photos/400px/Headshot_R_YANG_Yiyun.png,Defence
135924,CHANG Yu-An,TPE,M,19,05/05/2006 00:00:00,Right Hand,Shakehand,https://wttsimfiles.blob.core.windows.net/wtt-media/photos/400px/135924_HEADSHOT_R_CHANG_Yu-An.png,Attack
135977,Felix LEBRUN,FRA,M,19,09/12/2006 00:00:00,Right Hand,Penhold,https://wttsimfiles.blob.core.windows.net/wtt-media/photos/400px/135977_HEADSHOT_R_Felix_LEBRUN.png,Attack
135996,Sora MATSUSHIMA,JPN,M,18,04/29/2007 00:00:00,Left Hand,Shakehand,https://wttsimfiles.blob.core.windows.net/wtt-media/photos/400px/135996_Headshot_R_Sora MATSUSHIMA.png,Attack
136016,Alice NILSSON,SWE,F,18,11/29/2006 00:00:00,Right Hand,Shakehand,https://wttsimfiles.blob.core.windows.net/wtt-media/photos/400px/136016_Headshot_R_NILSSON_Alice.png,Attack
136066,Hadi ABUALRAHI,KSA,M,18,06/18/2007 00:00:00,Right Hand,Shakehand,https://wttsimfiles.blob.core.windows.net/wtt-media/photos/400px/136066_HEADSHOT_R_ABUALRAHI_Hadi.png,Attack
136170,Wassim ESSID,TUN,M,17,02/17/2008 00:00:00,Right Hand,Shakehand,https://wttsimfiles.blob.core.windows.net/wtt-media/photos/400px/136170_HEADSHOT_R_ESSID_Wassim.png,Attack
136180,Elvira RAD,ESP,F,21,02/13/2004 00:00:00,Right Hand,Shakehand,https://wttsimfiles.blob.core.windows.net/wtt-media/photos/400px/136180_HEADSHOT_R_RAD_Elvira.png,Attack
136258,Lilou MASSART,BEL,F,18,09/18/2007 00:00:00,Right Hand,Shakehand,https://wttsimfiles.blob.core.windows.net/wtt-media/photos/400px/136258_HEADSHOT_R_MASSART_Lilou.png,Attack
136420,Laura WATANABE,BRA,F,21,03/26/2004 00:00:00,,,https://wttsimfiles.blob.core.windows.net/wtt-media/photos/400px/136420_HEADSHOT_R_WATANABE_Laura.png,Attack
136539,WANG Xiaotong,CHN,F,24,10/22/2000 00:00:00,Right Hand,Shakehand,https://wttsimfiles.blob.core.windows.net/wtt-media/photos/400px/136539_Headshot_R_WANG_Xiaotong.png,Attack
136613,LI Yake,CHN,F,23,06/18/2002 00:00:00,Right Hand,Shakehand,https://wttsimfiles.blob.core.windows.net/wtt-media/photos/400px/HEADSHOT_R_LI_Yake.png,Attack
136711,Miwa HARIMOTO,JPN,F,17,06/16/2008 00:00:00,Right Hand,Shakehand,https://wttsimfiles.blob.core.windows.net/wtt-media/photos/400px/136711_Headshot_R_Miwa HARIMOTO.png,Attack
136987,YEH Yi-Tian,TPE,F,17,12/01/2007 00:00:00,Right Hand,Shakehand,https://wttsimfiles.blob.core.windows.net/wtt-media/photos/400px/136987_Headshot_R_YEH Yi-Tian.png,Attack
137193,YOO Yerin,KOR,F,17,10/04/2008 00:00:00,Right Hand,Shakehand,https://wttsimfiles.blob.core.windows.net/wtt-media/photos/400px/137193_Headshot_R_YOO_Yerin.png,Attack
137237,LIN Shidong,CHN,M,20,04/18/2005 00:00:00,Right Hand,Shakehand,https://wttsimfiles.blob.core.windows.net/wtt-media/photos/400px/137237_Headshot_R_LIN_Shidong.png,Attack
137238,HUANG Youzheng,CHN,M,20,06/09/2005 00:00:00,Left Hand,Shakehand,https://wttsimfiles.blob.core.windows.net/wtt-media/photos/400px/137238_HEADSHOT_R_HUANG_Youzheng.png,Attack
137247,Mohammed ALQASSAB,KSA,M,21,04/10/2004 00:00:00,Right Hand,Shakehand,https://wttsimfiles.blob.core.windows.net/wtt-media/photos/400px/137247_HEADSHOT_R_ALQASSAB_Mohammed.png,Attack
137465,XU Yi,CHN,F,20,06/21/2005 00:00:00,Right Hand,Shakehand,https://wttsimfiles.blob.core.windows.net/wtt-media/photos/400px/HEADSHOT_R_XU_Yi.png,Attack
137627,Yangzi LIU,AUS,F,23,06/06/2002 00:00:00,Right Hand,Shakehand,https://wttsimfiles.blob.core.windows.net/wtt-media/photos/400px/137627_Headshot_R_Yangzi LIU.png,Attack
137850,Yashaswini GHORPADE,IND,F,20,10/23/2004 00:00:00,,,https://wttsimfiles.blob.core.windows.net/wtt-media/photos/400px/137850_HEADSHOT_R_GHORPADE_Yashaswini.png,Attack
137873,William BERGENBLOCK,SWE,M,18,07/02/2007 00:00:00,,,https://wttsimfiles.blob.core.windows.net/wtt-media/photos/400px/137873_Headshot_R_William BERGENBLOCK.png,Attack
137881,Noa DAHLSTROM,SWE,M,18,09/29/2007 00:00:00,,,https://wttsimfiles.blob.core.windows.net/wtt-media/photos/400px/137881_HEADSHOT_R_DAHLSTROM_Noa.png,Attack
137894,Jia Nan YUAN,FRA,F,40,07/11/1985 00:00:00,Right Hand,Shakehand,https://wttsimfiles.blob.core.windows.net/wtt-media/photos/400px/137894_Headshot_R_YUAN_Jia Nan.png,Attack
144498,LEE Eng Kee,SGP,F,17,07/09/2008 00:00:00,,,https://wttsimfiles.blob.core.windows.net/wtt-media/photos/400px/144498_Headshot_R_LEE_Eng Kee.png,Attack
144528,Flavien COTON,FRA,M,17,04/07/2008 00:00:00,,,https://wttsimfiles.blob.core.windows.net/wtt-media/photos/400px/144528_Headshot_R_COTON_Flavien.png,Attack
144628,QIN Yuxuan,CHN,F,19,09/14/2006 00:00:00,,,https://wttsimfiles.blob.core.windows.net/wtt-media/photos/400px/144628_HEADSHOT_R_QIN_Yuxuan.png,Attack
144891,Leonardo IIZUKA,BRA,M,19,04/07/2006 00:00:00,,,https://wttsimfiles.blob.core.windows.net/wtt-media/photos/400px/144891_Headshot_R_Leonardo IIZUKA.png,Attack
145134,Constantina PSIHOGIOS,AUS,F,16,12/15/2008 00:00:00,,,https://wttsimfiles.blob.core.windows.net/wtt-media/photos/400px/HEADSHOT_R_PSIHOGIOS_Constantina.png,Attack
145544,Leana HOCHART,FRA,F,17,05/31/2008 00:00:00,,,https://wttsimfiles.blob.core.windows.net/wtt-media/photos/400px/145544_HEADSHOT_R_HOCHART_Leana.png,Attack
145776,Adam WALLIN,SWE,M,16,01/14/2009 00:00:00,,,https://wttsimfiles.blob.core.windows.net/wtt-media/photos/400px/145776_Headshot_R_ WALLIN_Adam.png,Attack
145799,Andre BERTELSMEIER,GER,M,19,10/25/2005 00:00:00,,,https://wttsimfiles.blob.core.windows.net/wtt-media/photos/400px/145799_HEADSHOT_R_BERTELSMEIER_Andre.png,Attack
200044,KUO Guan-Hong,TPE,M,16,10/24/2008 00:00:00,,,https://wttsimfiles.blob.core.windows.net/wtt-media/photos/400px/200044_Headshot_R_KUO Guan-Hong.png,Attack
200157,Ylane BATIX,CMR,M,19,12/15/2005 00:00:00,,,https://wttsimfiles.blob.core.windows.net/wtt-media/photos/400px/200157_Headshot_R_Ylane BATIX.png,Attack
200186,Agnes SVENSSON,SWE,F,18,03/10/2007 00:00:00,,,https://wttsimfiles.blob.core.windows.net/wtt-media/photos/400px/200186_Headshot_R_SVENSSON_Agnes.png,Attack
200210,Jocelyn LAM,NZL,F,17,08/05/2008 00:00:00,,,https://wttsimfiles.blob.core.windows.net/wtt-media/photos/400px/200210_Headshot_R_LAM_Jocelyn.png,Attack
200316,Ankur BHATTACHARJEE,IND,M,18,12/26/2006 00:00:00,,,https://wttsimfiles.blob.core.windows.net/wtt-media/photos/400px/200316_HEADSHOT_R_BHATTACHARJEE_Ankur.png,Attack
200413,JOO Cheonhui,KOR,F,23,01/20/2002 00:00:00,,,https://wttsimfiles.blob.core.windows.net/wtt-media/photos/400px/200413_HEADSHOT_R_JOO_Cheonhui.png,Attack
200584,Mandy YU,USA,F,16,07/18/2009 00:00:00,,,https://wttsimfiles.blob.core.windows.net/wtt-media/photos/400px/200584_HEADSHOT_R_YU_Mandy.png,Attack
200606,Irene YEOH,USA,F,14,05/14/2011 00:00:00,,,https://wttsimfiles.blob.core.windows.net/wtt-media/photos/400px/200606_Headshot_R_YEOH_Irene.png,Attack
200907,ZONG Geman,CHN,F,19,09/20/2006 00:00:00,,,https://wttsimfiles.blob.core.windows.net/wtt-media/photos/400px/200907_HEADSHOT_R_ZONG_Geman.png,Attack
200908,ZHU Sibing,CHN,F,25,03/29/2000 00:00:00,,,https://wttsimfiles.blob.core.windows.net/wtt-media/photos/400px/200908_Headshot_R_ZHU_Sibing.png,Defence
201032,PARK Gahyeon,KOR,F,18,08/18/2007 00:00:00,,,https://wttsimfiles.blob.core.windows.net/wtt-media/photos/400px/201032_HEADSHOT_R_PARK_Gahyeon.png,Attack
201097,Siri BENJEGARD,SWE,F,14,06/03/2011 00:00:00,,,https://wttsimfiles.blob.core.windows.net/wtt-media/photos/400px/201097_Headshot_R_Siri BENJEGARD.png,Attack
201164,LEE Seungsoo,KOR,M,14,08/14/2011 00:00:00,,,https://wttsimfiles.blob.core.windows.net/wtt-media/photos/400px/201164_HEADSHOT_R_LEE_Seungsoo.png,Attack
201238,Benyamin FARAJI,IRI,M,15,12/21/2009 00:00:00,,,https://wttsimfiles.blob.core.windows.net/wtt-media/photos/400px/201238_Headshot_R_Benyamin FARAJI.png,Attack
201453,LOY Ming Ying,SGP,F,14,10/26/2010 00:00:00,,,https://wttsimfiles.blob.core.windows.net/wtt-media/photos/400px/201453_Headshot_R_LOY_Ming Ying.png,Attack
201504,Aditya SAREEN,AUS,M,17,04/28/2008 00:00:00,,,https://wttsimfiles.blob.core.windows.net/wtt-media/photos/400px/201504_Headshot_R_Aditya SAREEN.png,Attack
201508,Nishant LEBAKA,USA,M,19,11/09/2005 00:00:00,,,https://wttsimfiles.blob.core.windows.net/wtt-media/photos/400px/201508_Headshot_R_Nishant LEBAKA.png,
202747,ZHU Ziyu,CHN,F,19,01/11/2006 00:00:00,,,https://wttsimfiles.blob.core.windows.net/wtt-media/photos/400px/202747_HEADSHOT_R_ZHU_Ziyu.png,Defence
202749,LOY Xing Yao,SGP,M,17,05/15/2008 00:00:00,,,https://wttsimfiles.blob.core.windows.net/wtt-media/photos/400px/202749_HEADSHOT_R_LOY_Xing Yao.png,Attack
203067,WEN Ruibo,CHN,M,18,01/05/2007 00:00:00,,,https://wttsimfiles.blob.core.windows.net/wtt-media/photos/400px/203067_Headshot_R_WEN Ruibo.png,Attack
203472,LI Hechen,CHN,M,16,03/14/2009 00:00:00,,,https://wttsimfiles.blob.core.windows.net/wtt-media/photos/400px/203472_Headshot_R_LI_Hechen.png,Attack
203618,DING Yijie,CHN,F,17,01/07/2008 00:00:00,,,https://wttsimfiles.blob.core.windows.net/wtt-media/photos/400px/203618_HEADSHOT_R_DING_Yijie.png,Attack
204138,HEO Yerim,KOR,F,14,11/11/2010 00:00:00,,,https://wttsimfiles.blob.core.windows.net/wtt-media/photos/400px/204138_Headshot_R_HEO Yerim.png,Attack
204288,CHEN Junsong,CHN,M,20,07/04/2005 00:00:00,,,https://wttsimfiles.blob.core.windows.net/wtt-media/photos/400px/204288_Headshot_R_CHEN_Junsong.png,Attack
206252,SU Tsz Tung,HKG,F,16,02/20/2009 00:00:00,,,https://wttsimfiles.blob.core.windows.net/wtt-media/photos/400px/HEADSHOT_R_SU-Tsz_Tung.png,Attack
208510,Jessica REYES LAI,USA,F,21,12/28/2003 00:00:00,,,https://wttsimfiles.blob.core.windows.net/wtt-media/photos/400px/208510_HEADSHOT_R_REYES_Jessica.png,Attack
209007,YAO Ruixuan,CHN,F,16,07/02/2009 00:00:00,,,https://wttsimfiles.blob.core.windows.net/wtt-media/photos/400px/209007_Headshot_R_YAO_Ruixuan.png,Attack
209548,Maylis GIRET,FRA,F,34,09/25/1991 00:00:00,,,https://wttsimfiles.blob.core.windows.net/wtt-media/photos/400px/209548_Headshot_R_Maylis GIRET.png,Attack
214021,Peter ROSENMEIER,DEN,M,41,03/23/1984 00:00:00,,,https://wttsimfiles.blob.core.windows.net/wtt-media/photos/400px/209080_Headshot_R_ROSENMEIER_Peter.png,
214876,Bobi SIMION,ROU,M,45,07/29/1980 00:00:00,,,https://wttsimfiles.blob.core.windows.net/wtt-media/photos/400px/214876_HEADSHOT_R_Bobbi_SIMION.png,
216793,KIM Kun-Hea,KOR,F,52,12/24/1972 00:00:00,,,https://wttsimfiles.blob.core.windows.net/wtt-media/photos/400px/216793_HEADSHOT_R_KIM_Kun-Hea.png,
216930,Karolina PEK,POL,F,27,08/02/1998 00:00:00,,,https://wttsimfiles.blob.core.windows.net/wtt-media/photos/400px/136255_Headshot_R_Karolina PEK.png,
217110,Jennyfer PARINOS,BRA,F,29,02/22/1996 00:00:00,,,https://wttsimfiles.blob.core.windows.net/wtt-media/photos/400px/217110_HEADSHOT_R_Jennyfer_PARINOS.png,
217475,Matias PINO,CHI,M,28,04/23/1997 00:00:00,,,https://wttsimfiles.blob.core.windows.net/wtt-media/photos/400px/217475_Headshot_R_Matias PINO.png,
217494,Ian Philip SEIDENFELD,USA,M,24,07/17/2001 00:00:00,,,https://wttsimfiles.blob.core.windows.net/wtt-media/photos/400px/209087_Headshot_R_SEIDENFELD_Ian Philip.png,
217539,Martin PERRY,GBR,M,31,08/05/1994 00:00:00,,,https://wttsimfiles.blob.core.windows.net/wtt-media/photos/400px/217539_Headshot_R_Martin PERRY.png,
217684,Danielle RAUEN,BRA,F,27,12/18/1997 00:00:00,,,https://wttsimfiles.blob.core.windows.net/wtt-media/photos/400px/133751_HEADSHOT_R_Danielle_RAUEN.png,
217854,Mirjana LUCIC,CRO,F,49,09/12/1976 00:00:00,,,https://wttsimfiles.blob.core.windows.net/wtt-media/photos/400px/105590_HEADSHOT_R_Mirjana_LUCIC.png,
218193,Matteo PARENZAN,ITA,M,22,06/23/2003 00:00:00,,,https://wttsimfiles.blob.core.windows.net/wtt-media/photos/400px/209082_HEADSHOT_R_Matteo_PARENZAN.png,
218319,Ignacio TORRES,CHI,M,23,08/05/2002 00:00:00,,,https://wttsimfiles.blob.core.windows.net/wtt-media/photos/400px/218319_Headshot_R_Ignacio TORRES.png,
218501,Mingyu ZU,USA,F,31,11/24/1993 00:00:00,,,https://wttsimfiles.blob.core.windows.net/wtt-media/photos/400px/135748_HEADSHOT_R_Mingyu_ZU.png,
218740,Thea Amalie NIELSEN,DEN,F,24,02/24/2001 00:00:00,,,https://wttsimfiles.blob.core.windows.net/wtt-media/photos/400px/218740_Headshot_R_Thea Amalie NIELSON.png,
219242,Alexa SZVITACS,HUN,F,35,01/08/1990 00:00:00,,,https://wttsimfiles.blob.core.windows.net/wtt-media/photos/400px/109143_Headshot_R_Alexa SZVITACS.png,
219474,Samuel William ALTSHULER,USA,M,17,08/16/2008 00:00:00,,,https://wttsimfiles.blob.core.windows.net/wtt-media/photos/400px/219474_HEADSHOT_R_Samuel William_ALTSHULER.png,
